"Date","LakeOnly_PRISM_mm","MainBasin_PRISM_mm","FullArea_PRISM_mm","LakeOnly_GridMET_mm","MainBasin_GridMET_mm","FullArea_GridMET_mm"
1895-01-01,40.8092,107.5615,86.8018,NA,NA,NA
1895-02-01,25.5017,36.069,33.017,NA,NA,NA
1895-03-01,27.0084,56.8991,47.8047,NA,NA,NA
1895-04-01,16.6168,38.4563,31.1395,NA,NA,NA
1895-05-01,34.544,54.0762,47.4602,NA,NA,NA
1895-06-01,6.8381,20.4132,16.2311,NA,NA,NA
1895-07-01,8.3048,20.8884,17.5808,NA,NA,NA
1895-08-01,7.2457,12.97,11.1567,NA,NA,NA
1895-09-01,17.0735,26.7778,23.2471,NA,NA,NA
1895-10-01,12.1585,12.6156,12.2368,NA,NA,NA
1895-11-01,23.3053,46.78,38.7401,NA,NA,NA
1895-12-01,18.4382,50.4133,40.4475,NA,NA,NA
1896-01-01,28.4077,73.8457,59.8611,NA,NA,NA
1896-02-01,10.5747,25.9027,21.1187,NA,NA,NA
1896-03-01,35.8634,45.6107,42.5123,NA,NA,NA
1896-04-01,36.8909,54.8408,48.5456,NA,NA,NA
1896-05-01,60.0425,73.0184,68.9757,NA,NA,NA
1896-06-01,7.8242,11.6462,10.7753,NA,NA,NA
1896-07-01,26.8984,38.9854,36.8442,NA,NA,NA
1896-08-01,20.1767,22.7279,22.0342,NA,NA,NA
1896-09-01,13.524,28.7233,23.1844,NA,NA,NA
1896-10-01,13.3213,14.6568,14.4502,NA,NA,NA
1896-11-01,43.6195,71.4758,62.4502,NA,NA,NA
1896-12-01,10.5133,24.4448,20.1821,NA,NA,NA
1897-01-01,28.2851,37.3391,34.4915,NA,NA,NA
1897-02-01,46.2526,107.2125,87.0413,NA,NA,NA
1897-03-01,38.0597,69.4033,59.1084,NA,NA,NA
1897-04-01,20.8234,31.0225,27.4603,NA,NA,NA
1897-05-01,12.288,13.6733,13.3592,NA,NA,NA
1897-06-01,7.8353,14.8988,12.727,NA,NA,NA
1897-07-01,10.6389,15.2023,14.4014,NA,NA,NA
1897-08-01,9.3995,11.7736,11.2845,NA,NA,NA
1897-09-01,26.3138,43.9426,37.6711,NA,NA,NA
1897-10-01,57.2488,55.9798,57.1292,NA,NA,NA
1897-11-01,23.1883,35.9392,31.9063,NA,NA,NA
1897-12-01,26.6109,51.534,44.0977,NA,NA,NA
1898-01-01,21.5676,35.7833,31.1802,NA,NA,NA
1898-02-01,9.3152,16.105,14.2385,NA,NA,NA
1898-03-01,29.3742,64.5025,53.5763,NA,NA,NA
1898-04-01,21.4689,30.2324,27.3306,NA,NA,NA
1898-05-01,82.3257,106.8238,99.8652,NA,NA,NA
1898-06-01,14.2425,33.2253,27.7612,NA,NA,NA
1898-07-01,8.3289,12.5881,11.3911,NA,NA,NA
1898-08-01,8.263,16.9571,14.4253,NA,NA,NA
1898-09-01,5.3172,5.5922,5.5159,NA,NA,NA
1898-10-01,17.3315,32.1167,27.2882,NA,NA,NA
1898-11-01,28.9502,58.2693,48.4496,NA,NA,NA
1898-12-01,13.0756,29.643,24.4909,NA,NA,NA
1899-01-01,27.3847,57.1723,48.2361,NA,NA,NA
1899-02-01,31.1954,49.1106,43.7401,NA,NA,NA
1899-03-01,45.4001,68.5025,62.0386,NA,NA,NA
1899-04-01,14.1468,23.7133,20.4573,NA,NA,NA
1899-05-01,26.5764,36.2699,33.4782,NA,NA,NA
1899-06-01,15.6231,16.0455,15.5245,NA,NA,NA
1899-07-01,8.5934,17.6569,15.7858,NA,NA,NA
1899-08-01,19.2549,21.3528,20.5016,NA,NA,NA
1899-09-01,2.2128,4.9889,3.7797,NA,NA,NA
1899-10-01,41.7922,66.6597,57.9501,NA,NA,NA
1899-11-01,19.059,39.735,32.776,NA,NA,NA
1899-12-01,25.5866,40.5395,36.0161,NA,NA,NA
1900-01-01,10.875,20.2551,17.64,NA,NA,NA
1900-02-01,18.2824,37.528,31.4905,NA,NA,NA
1900-03-01,4.9652,9.5559,8.1086,NA,NA,NA
1900-04-01,67.9917,91.2967,83.8278,NA,NA,NA
1900-05-01,15.7094,23.6258,20.9464,NA,NA,NA
1900-06-01,2.4034,5.6151,4.5981,NA,NA,NA
1900-07-01,3.6613,6.4523,5.7017,NA,NA,NA
1900-08-01,5.263,10.0689,8.5915,NA,NA,NA
1900-09-01,19.8042,36.2354,30.7042,NA,NA,NA
1900-10-01,27.9573,42.2293,37.0681,NA,NA,NA
1900-11-01,37.2346,114.7435,87.6802,NA,NA,NA
1900-12-01,4.1772,13.5162,10.4953,NA,NA,NA
1901-01-01,19.5432,47.115,38.4407,NA,NA,NA
1901-02-01,46.615,75.516,66.0993,NA,NA,NA
1901-03-01,22.6362,50.4693,41.8922,NA,NA,NA
1901-04-01,18.0186,42.4445,34.32,NA,NA,NA
1901-05-01,37.1675,64.61,56.0823,NA,NA,NA
1901-06-01,4.8986,9.8288,8.4803,NA,NA,NA
1901-07-01,3.243,10.5011,8.885,NA,NA,NA
1901-08-01,32.6122,40.2569,37.2331,NA,NA,NA
1901-09-01,5.8895,18.4519,14.1327,NA,NA,NA
1901-10-01,33.4529,39.7052,37.5131,NA,NA,NA
1901-11-01,9.1643,29.6346,22.7119,NA,NA,NA
1901-12-01,29.4882,54.5117,46.8623,NA,NA,NA
1902-01-01,13.1138,26.8864,22.4489,NA,NA,NA
1902-02-01,23.3472,56.3401,46.0517,NA,NA,NA
1902-03-01,32.5154,50.1716,44.5254,NA,NA,NA
1902-04-01,41.2813,64.982,57.1421,NA,NA,NA
1902-05-01,19.1838,37.9413,31.5994,NA,NA,NA
1902-06-01,3.6459,14.3406,10.9332,NA,NA,NA
1902-07-01,9.2622,12.0897,11.137,NA,NA,NA
1902-08-01,3.797,8.8712,7.2192,NA,NA,NA
1902-09-01,7.9384,11.0225,9.9365,NA,NA,NA
1902-10-01,5.953,12.5285,10.2581,NA,NA,NA
1902-11-01,33.1222,48.8877,43.8551,NA,NA,NA
1902-12-01,23.4994,62.5322,50.3481,NA,NA,NA
1903-01-01,45.2497,126.3162,100.0831,NA,NA,NA
1903-02-01,18.5265,19.5089,19.4889,NA,NA,NA
1903-03-01,28.4274,52.4798,45.2491,NA,NA,NA
1903-04-01,30.036,46.7644,41.7468,NA,NA,NA
1903-05-01,43.7113,57.943,53.4161,NA,NA,NA
1903-06-01,10.7019,12.9984,12.311,NA,NA,NA
1903-07-01,5.7934,12.6401,10.9483,NA,NA,NA
1903-08-01,2.991,8.7196,7.2119,NA,NA,NA
1903-09-01,11.3426,30.8282,24.1087,NA,NA,NA
1903-10-01,23.004,38.5887,32.7585,NA,NA,NA
1903-11-01,33.5594,76.5024,61.285,NA,NA,NA
1903-12-01,8.4949,37.9173,28.5974,NA,NA,NA
1904-01-01,31.5889,56.8201,49.5091,NA,NA,NA
1904-02-01,50.332,94.8239,80.8755,NA,NA,NA
1904-03-01,67.6088,144.1193,120.4317,NA,NA,NA
1904-04-01,29.308,43.7293,38.9476,NA,NA,NA
1904-05-01,46.6436,51.267,49.2124,NA,NA,NA
1904-06-01,10.0337,16.3965,14.4359,NA,NA,NA
1904-07-01,13.5881,15.2664,14.8826,NA,NA,NA
1904-08-01,10.5578,34.5474,27.4655,NA,NA,NA
1904-09-01,8.1301,8.0574,8.1371,NA,NA,NA
1904-10-01,30.6395,30.9393,31.1238,NA,NA,NA
1904-11-01,0,0.685,0.4499,NA,NA,NA
1904-12-01,20.9762,41.5059,34.9632,NA,NA,NA
1905-01-01,14.0258,34.0653,28.0167,NA,NA,NA
1905-02-01,24.9013,35.903,32.2674,NA,NA,NA
1905-03-01,50.4411,72.4332,65.7141,NA,NA,NA
1905-04-01,39.8364,56.8683,51.3459,NA,NA,NA
1905-05-01,44.4469,56.4031,53.0634,NA,NA,NA
1905-06-01,7.6213,18.9703,15.5458,NA,NA,NA
1905-07-01,8.2855,15.5613,13.4211,NA,NA,NA
1905-08-01,16.6314,19.5789,18.5409,NA,NA,NA
1905-09-01,36.9189,48.2184,44.5846,NA,NA,NA
1905-10-01,7.7104,15.1326,12.4526,NA,NA,NA
1905-11-01,27.7405,28.165,28.3369,NA,NA,NA
1905-12-01,16.2513,32.7552,27.4348,NA,NA,NA
1906-01-01,37.9405,76.8805,64.2279,NA,NA,NA
1906-02-01,26.277,46.5784,40.1836,NA,NA,NA
1906-03-01,75.7234,99.2647,92.1321,NA,NA,NA
1906-04-01,50.6487,64.7274,60.3549,NA,NA,NA
1906-05-01,65.7055,110.0991,96.8253,NA,NA,NA
1906-06-01,26.0996,35.8225,33.0845,NA,NA,NA
1906-07-01,8.9579,13.646,12.8109,NA,NA,NA
1906-08-01,56.4618,72.828,67.2169,NA,NA,NA
1906-09-01,21.4103,30.2312,27.078,NA,NA,NA
1906-10-01,9.8829,10.1072,10.0431,NA,NA,NA
1906-11-01,32.3161,49.0956,43.3458,NA,NA,NA
1906-12-01,32.0625,67.8605,56.2371,NA,NA,NA
1907-01-01,51.7796,130.4782,105.1077,NA,NA,NA
1907-02-01,49.7007,127.61,102.2682,NA,NA,NA
1907-03-01,62.8587,92.2214,83.8159,NA,NA,NA
1907-04-01,31.9815,41.6032,38.4862,NA,NA,NA
1907-05-01,44.8768,65.2063,58.1016,NA,NA,NA
1907-06-01,46.3253,58.782,54.8627,NA,NA,NA
1907-07-01,6.5092,10.7513,10.0026,NA,NA,NA
1907-08-01,30.0347,40.718,37.6902,NA,NA,NA
1907-09-01,8.9162,9.1655,9.1442,NA,NA,NA
1907-10-01,24.4884,38.7131,34.149,NA,NA,NA
1907-11-01,8.9733,14.5848,12.6865,NA,NA,NA
1907-12-01,48.6698,92.3551,78.5588,NA,NA,NA
1908-01-01,16.4071,31.8109,26.8626,NA,NA,NA
1908-02-01,19.222,30.9427,27.5316,NA,NA,NA
1908-03-01,25.2898,54.039,44.5886,NA,NA,NA
1908-04-01,10.6734,15.1299,13.8342,NA,NA,NA
1908-05-01,77.7932,103.958,95.6762,NA,NA,NA
1908-06-01,40.9874,69.08,60.292,NA,NA,NA
1908-07-01,10.6379,20.1268,17.6399,NA,NA,NA
1908-08-01,20.1689,37.7985,32.5252,NA,NA,NA
1908-09-01,37.5129,60.4996,52.3453,NA,NA,NA
1908-10-01,58.7135,88.7418,77.7966,NA,NA,NA
1908-11-01,16.1359,33.5352,27.7856,NA,NA,NA
1908-12-01,14.2499,26.399,22.4377,NA,NA,NA
1909-01-01,70.0018,210.9972,164.9678,NA,NA,NA
1909-02-01,49.7651,105.5518,87.5546,NA,NA,NA
1909-03-01,36.4162,83.8555,68.2824,NA,NA,NA
1909-04-01,21.3505,38.7596,33.7972,NA,NA,NA
1909-05-01,37.7175,66.1215,57.3669,NA,NA,NA
1909-06-01,6.2229,12.8009,10.5938,NA,NA,NA
1909-07-01,22.4394,32.3197,30.032,NA,NA,NA
1909-08-01,36.9798,52.973,48.4093,NA,NA,NA
1909-09-01,38.215,64.4883,55.5292,NA,NA,NA
1909-10-01,13.0868,25.0225,20.7248,NA,NA,NA
1909-11-01,72.0299,125.7141,107.4112,NA,NA,NA
1909-12-01,40.4619,86.3806,71.8098,NA,NA,NA
1910-01-01,30.7308,61.3703,51.481,NA,NA,NA
1910-02-01,34.3413,59.6048,51.059,NA,NA,NA
1910-03-01,13.2071,35.7313,28.3785,NA,NA,NA
1910-04-01,15.5378,19.96,18.5474,NA,NA,NA
1910-05-01,14.8214,20.8875,19.0749,NA,NA,NA
1910-06-01,1.0302,2.7473,2.2774,NA,NA,NA
1910-07-01,13.0459,19.8968,18.5246,NA,NA,NA
1910-08-01,6.006,14.3772,11.8938,NA,NA,NA
1910-09-01,25.3469,26.2246,26.3512,NA,NA,NA
1910-10-01,29.4117,48.7788,41.8326,NA,NA,NA
1910-11-01,24.4405,31.6682,29.1491,NA,NA,NA
1910-12-01,23.3773,52.0081,42.5777,NA,NA,NA
1911-01-01,75.6033,176.6323,143.9607,NA,NA,NA
1911-02-01,26.906,49.8134,42.1625,NA,NA,NA
1911-03-01,32.3195,72.2971,59.0089,NA,NA,NA
1911-04-01,28.2394,58.898,48.1347,NA,NA,NA
1911-05-01,26.8234,38.2386,34.0243,NA,NA,NA
1911-06-01,35.3882,40.4861,39.1634,NA,NA,NA
1911-07-01,10.8149,15.6115,14.7558,NA,NA,NA
1911-08-01,0.0078,3.3284,2.2836,NA,NA,NA
1911-09-01,27.5969,44.1309,38.3567,NA,NA,NA
1911-10-01,34.9934,37.2717,36.231,NA,NA,NA
1911-11-01,29.5989,56.5916,47.3424,NA,NA,NA
1911-12-01,13.8721,33.5297,27.6132,NA,NA,NA
1912-01-01,27.2202,60.2321,49.4462,NA,NA,NA
1912-02-01,19.9444,36.369,31.2463,NA,NA,NA
1912-03-01,54.2295,98.4948,84.0815,NA,NA,NA
1912-04-01,41.4314,66.8804,58.0665,NA,NA,NA
1912-05-01,38.2279,53.0238,48.0908,NA,NA,NA
1912-06-01,18.4576,33.8933,29.3173,NA,NA,NA
1912-07-01,21.7354,41.2436,36.5228,NA,NA,NA
1912-08-01,30.0067,40.7497,37.3064,NA,NA,NA
1912-09-01,16.3301,29.0628,24.5119,NA,NA,NA
1912-10-01,75.4488,80.8917,79.6063,NA,NA,NA
1912-11-01,25.247,48.3579,40.6112,NA,NA,NA
1912-12-01,9.2814,31.3889,24.5015,NA,NA,NA
1913-01-01,16.0347,43.9665,35.0995,NA,NA,NA
1913-02-01,22.4515,38.6233,33.3774,NA,NA,NA
1913-03-01,25.9378,74.444,58.9122,NA,NA,NA
1913-04-01,26.901,41.3433,37.2401,NA,NA,NA
1913-05-01,22.7954,29.5831,27.924,NA,NA,NA
1913-06-01,56.659,84.6446,77.3995,NA,NA,NA
1913-07-01,25.5417,40.2416,37.3446,NA,NA,NA
1913-08-01,23.6282,24.6,24.2097,NA,NA,NA
1913-09-01,25.8291,38.2396,33.7869,NA,NA,NA
1913-10-01,26.1539,44.7415,38.2146,NA,NA,NA
1913-11-01,46.0664,57.2688,54.0552,NA,NA,NA
1913-12-01,29.2272,44.5407,39.6523,NA,NA,NA
1914-01-01,56.218,148.9895,119.4231,NA,NA,NA
1914-02-01,21.1921,44.3473,37.0598,NA,NA,NA
1914-03-01,16.0075,33.2286,27.6986,NA,NA,NA
1914-04-01,50.7535,74.0444,65.4388,NA,NA,NA
1914-05-01,20.9516,29.6167,27.211,NA,NA,NA
1914-06-01,52.1865,72.0578,66.8062,NA,NA,NA
1914-07-01,25.4322,49.8448,44.8469,NA,NA,NA
1914-08-01,7.0566,10.7677,9.8452,NA,NA,NA
1914-09-01,20.1828,22.4025,21.9921,NA,NA,NA
1914-10-01,38.8383,63.1796,54.5628,NA,NA,NA
1914-11-01,2.2111,8.23,6.1442,NA,NA,NA
1914-12-01,9.7092,25.2855,20.3822,NA,NA,NA
1915-01-01,19.3395,41.0879,34.175,NA,NA,NA
1915-02-01,41.1184,98.1031,80.7799,NA,NA,NA
1915-03-01,16.2493,34.6035,28.894,NA,NA,NA
1915-04-01,44.6229,59.5781,54.6994,NA,NA,NA
1915-05-01,56.5789,76.8249,70.7668,NA,NA,NA
1915-06-01,11.4613,33.4959,26.5628,NA,NA,NA
1915-07-01,5.4389,12.4056,10.7728,NA,NA,NA
1915-08-01,3.5958,7.3179,6.3118,NA,NA,NA
1915-09-01,44.8079,76.1813,64.7041,NA,NA,NA
1915-10-01,2.3656,3.499,3.0625,NA,NA,NA
1915-11-01,22.0022,51.7929,41.4131,NA,NA,NA
1915-12-01,20.0345,34.4803,30.236,NA,NA,NA
1916-01-01,55.8622,112.1482,94.3032,NA,NA,NA
1916-02-01,33.021,74.3035,60.8854,NA,NA,NA
1916-03-01,40.8056,81.4754,68.579,NA,NA,NA
1916-04-01,17.4523,29.5835,24.9621,NA,NA,NA
1916-05-01,11.9539,18.5471,16.9093,NA,NA,NA
1916-06-01,10.6174,15.086,13.7468,NA,NA,NA
1916-07-01,11.8516,19.6486,18.1756,NA,NA,NA
1916-08-01,11.3616,29.1047,24.3469,NA,NA,NA
1916-09-01,8.2596,22.8172,17.658,NA,NA,NA
1916-10-01,59.1959,85.313,75.1069,NA,NA,NA
1916-11-01,11.035,26.4536,21.3432,NA,NA,NA
1916-12-01,42.3182,114.8867,91.4652,NA,NA,NA
1917-01-01,20.5268,39.1843,33.2292,NA,NA,NA
1917-02-01,37.3021,71.5565,60.0575,NA,NA,NA
1917-03-01,19.266,53.8881,43.3587,NA,NA,NA
1917-04-01,34.1393,49.7035,44.4722,NA,NA,NA
1917-05-01,67.7984,82.2489,78.2181,NA,NA,NA
1917-06-01,4.0387,8.128,6.8636,NA,NA,NA
1917-07-01,22.4156,29.755,28.1214,NA,NA,NA
1917-08-01,5.0354,13.2662,11.0271,NA,NA,NA
1917-09-01,23.0713,41.637,34.9948,NA,NA,NA
1917-10-01,1.3632,5.0684,3.5865,NA,NA,NA
1917-11-01,30.3525,32.8712,32.1441,NA,NA,NA
1917-12-01,9.014,31.3383,24.0509,NA,NA,NA
1918-01-01,43.804,116.7317,93.1585,NA,NA,NA
1918-02-01,29.2522,51.1644,43.6875,NA,NA,NA
1918-03-01,29.5151,43.2578,39.0191,NA,NA,NA
1918-04-01,16.7194,27.4589,23.7917,NA,NA,NA
1918-05-01,30.1753,44.9962,40.3621,NA,NA,NA
1918-06-01,26.7014,25.4961,26.4394,NA,NA,NA
1918-07-01,25.2813,39.9462,36.8091,NA,NA,NA
1918-08-01,7.1066,10.1089,9.4788,NA,NA,NA
1918-09-01,25.1953,50.9875,42.3653,NA,NA,NA
1918-10-01,43.3791,66.4853,58.0388,NA,NA,NA
1918-11-01,19.925,40.847,33.7229,NA,NA,NA
1918-12-01,9.3609,27.325,21.8111,NA,NA,NA
1919-01-01,2.6817,6.9302,5.7339,NA,NA,NA
1919-02-01,41.6837,88.1398,73.6324,NA,NA,NA
1919-03-01,22.7478,31.3973,28.7946,NA,NA,NA
1919-04-01,27.788,36.2414,33.3721,NA,NA,NA
1919-05-01,16.0907,24.9313,22.1962,NA,NA,NA
1919-06-01,0,0.5227,0.3393,NA,NA,NA
1919-07-01,8.5038,12.5599,11.6827,NA,NA,NA
1919-08-01,11.5573,21.523,18.7783,NA,NA,NA
1919-09-01,43.3361,61.7634,55.528,NA,NA,NA
1919-10-01,44.6951,77.4997,64.9535,NA,NA,NA
1919-11-01,20.4863,36.1921,30.8968,NA,NA,NA
1919-12-01,18.8867,49.2533,39.6899,NA,NA,NA
1920-01-01,13.4301,20.0666,17.6744,NA,NA,NA
1920-02-01,19.1459,39.3759,33.2036,NA,NA,NA
1920-03-01,46.4595,105.9416,87.4372,NA,NA,NA
1920-04-01,61.4472,92.7169,82.2541,NA,NA,NA
1920-05-01,35.356,46.3388,43.2405,NA,NA,NA
1920-06-01,9.8908,14.0076,13.0086,NA,NA,NA
1920-07-01,9.1983,13.8634,13.2229,NA,NA,NA
1920-08-01,27.6876,42.7428,38.5617,NA,NA,NA
1920-09-01,21.3933,39.1054,32.8325,NA,NA,NA
1920-10-01,76.4725,94.4321,87.4176,NA,NA,NA
1920-11-01,28.5026,51.8549,43.8066,NA,NA,NA
1920-12-01,22.8363,64.0451,51.5266,NA,NA,NA
1921-01-01,28.5153,81.0657,65.0278,NA,NA,NA
1921-02-01,24.907,52.964,44.285,NA,NA,NA
1921-03-01,26.4902,61.414,50.6139,NA,NA,NA
1921-04-01,56.9404,76.9571,69.9878,NA,NA,NA
1921-05-01,51.096,61.5502,59.3796,NA,NA,NA
1921-06-01,11.4349,13.7994,13.2706,NA,NA,NA
1921-07-01,10.9115,26.2086,23.1663,NA,NA,NA
1921-08-01,23.126,40.9389,35.4227,NA,NA,NA
1921-09-01,11.0723,19.0837,16.4877,NA,NA,NA
1921-10-01,20.1003,35.7265,30.0885,NA,NA,NA
1921-11-01,19.3011,26.3528,23.9904,NA,NA,NA
1921-12-01,56.1575,115.4136,96.5387,NA,NA,NA
1922-01-01,30.5766,57.7232,49.4439,NA,NA,NA
1922-02-01,44.0846,88.4246,74.9,NA,NA,NA
1922-03-01,25.8476,66.7246,54.0962,NA,NA,NA
1922-04-01,48.6245,70.9034,63.6643,NA,NA,NA
1922-05-01,30.4171,31.0537,30.9213,NA,NA,NA
1922-06-01,13.3049,13.3564,13.7054,NA,NA,NA
1922-07-01,11.432,24.2697,21.5348,NA,NA,NA
1922-08-01,33.2717,60.3453,52.8954,NA,NA,NA
1922-09-01,2.5558,8.9706,6.6346,NA,NA,NA
1922-10-01,18.7699,18.6214,18.414,NA,NA,NA
1922-11-01,29.6496,71.1379,56.9554,NA,NA,NA
1922-12-01,36.1996,103.6425,82.2395,NA,NA,NA
1923-01-01,29.4509,86.6818,68.539,NA,NA,NA
1923-02-01,11.2144,29.576,23.9908,NA,NA,NA
1923-03-01,22.0732,58.2027,47.1862,NA,NA,NA
1923-04-01,62.8783,91.5663,81.6529,NA,NA,NA
1923-05-01,36.7203,47.7038,44.4444,NA,NA,NA
1923-06-01,23.8338,35.7042,32.7277,NA,NA,NA
1923-07-01,14.1767,36.2796,31.821,NA,NA,NA
1923-08-01,23.9154,31.1147,29.0503,NA,NA,NA
1923-09-01,32.5287,43.5298,38.8397,NA,NA,NA
1923-10-01,57.6414,58.185,57.5174,NA,NA,NA
1923-11-01,13.1201,25.7853,21.1404,NA,NA,NA
1923-12-01,20.907,36.6718,31.8088,NA,NA,NA
1924-01-01,8.6919,26.5926,20.8674,NA,NA,NA
1924-02-01,12.0487,23.8185,20.2261,NA,NA,NA
1924-03-01,36.9825,77.655,64.8293,NA,NA,NA
1924-04-01,13.015,19.3462,17.2047,NA,NA,NA
1924-05-01,21.801,27.9945,25.7273,NA,NA,NA
1924-06-01,5.5079,8.9845,7.5807,NA,NA,NA
1924-07-01,15.1929,18.5847,17.7537,NA,NA,NA
1924-08-01,8.0252,9.1072,8.8005,NA,NA,NA
1924-09-01,10.3823,18.6559,15.7877,NA,NA,NA
1924-10-01,36.484,48.7092,44.6814,NA,NA,NA
1924-11-01,18.2911,34.8323,28.626,NA,NA,NA
1924-12-01,40.7179,110.6686,88.1763,NA,NA,NA
1925-01-01,15.0082,44.5232,35.431,NA,NA,NA
1925-02-01,25.4997,51.1797,42.7487,NA,NA,NA
1925-03-01,32.8454,58.2245,49.8564,NA,NA,NA
1925-04-01,39.0178,53.0714,48.0561,NA,NA,NA
1925-05-01,29.5962,46.3773,41.4728,NA,NA,NA
1925-06-01,48.9948,59.5421,55.2168,NA,NA,NA
1925-07-01,20.9394,36.8382,33.8288,NA,NA,NA
1925-08-01,26.5184,46.8791,41.1705,NA,NA,NA
1925-09-01,32.3314,51.7346,45.3605,NA,NA,NA
1925-10-01,26.2977,31.7801,29.8761,NA,NA,NA
1925-11-01,29.0369,55.604,46.4103,NA,NA,NA
1925-12-01,14.5429,37.5525,30.535,NA,NA,NA
1926-01-01,15.6936,42.0887,33.695,NA,NA,NA
1926-02-01,32.1096,69.7927,56.9563,NA,NA,NA
1926-03-01,14.0262,28.0839,23.8253,NA,NA,NA
1926-04-01,41.1729,58.6659,52.2038,NA,NA,NA
1926-05-01,37.7262,62.9256,54.4638,NA,NA,NA
1926-06-01,3.7574,10.6229,8.6763,NA,NA,NA
1926-07-01,29.5324,44.489,39.7501,NA,NA,NA
1926-08-01,23.9989,35.8505,32.4478,NA,NA,NA
1926-09-01,19.9861,35.8051,29.2792,NA,NA,NA
1926-10-01,8.2049,16.9323,13.6871,NA,NA,NA
1926-11-01,40.3987,79.4335,66.0052,NA,NA,NA
1926-12-01,18.2299,49.2321,39.5414,NA,NA,NA
1927-01-01,17.4577,55.7184,43.8814,NA,NA,NA
1927-02-01,47.9572,81.1399,70.5322,NA,NA,NA
1927-03-01,31.6805,63.9995,54.1974,NA,NA,NA
1927-04-01,41.923,62.5615,55.1883,NA,NA,NA
1927-05-01,28.8082,52.3922,45.5095,NA,NA,NA
1927-06-01,18.8664,25.5395,23.2041,NA,NA,NA
1927-07-01,7.1037,17.6917,14.9079,NA,NA,NA
1927-08-01,18.4838,25.1229,23.1291,NA,NA,NA
1927-09-01,26.9545,62.368,49.8594,NA,NA,NA
1927-10-01,29.0376,38.5052,35.1677,NA,NA,NA
1927-11-01,45.1207,95.745,77.8494,NA,NA,NA
1927-12-01,16.0305,65.9511,50.6372,NA,NA,NA
1928-01-01,9.8038,27.2404,21.8094,NA,NA,NA
1928-02-01,9.6863,15.3076,13.7982,NA,NA,NA
1928-03-01,40.0552,81.8115,69.3496,NA,NA,NA
1928-04-01,18.6256,28.9302,25.7818,NA,NA,NA
1928-05-01,24.2888,34.8156,32.0629,NA,NA,NA
1928-06-01,20.0483,37.3055,32.1541,NA,NA,NA
1928-07-01,7.8438,14.846,13.1304,NA,NA,NA
1928-08-01,2.7277,9.8482,7.803,NA,NA,NA
1928-09-01,2.0384,6.352,4.8377,NA,NA,NA
1928-10-01,34.5044,47.722,42.3042,NA,NA,NA
1928-11-01,32.735,63.5432,52.6522,NA,NA,NA
1928-12-01,16.0799,28.2702,24.5044,NA,NA,NA
1929-01-01,27.0414,82.6872,64.5431,NA,NA,NA
1929-02-01,20.1248,69.1212,53.447,NA,NA,NA
1929-03-01,32.5439,77.0403,63.002,NA,NA,NA
1929-04-01,51.6948,87.1102,75.0324,NA,NA,NA
1929-05-01,8.5075,11.1712,10.0176,NA,NA,NA
1929-06-01,23.1688,35.8388,32.2963,NA,NA,NA
1929-07-01,13.1096,15.5646,14.8735,NA,NA,NA
1929-08-01,17.676,32.5142,29.2308,NA,NA,NA
1929-09-01,39.4992,74.4273,62.6562,NA,NA,NA
1929-10-01,16.3473,22.8998,20.4653,NA,NA,NA
1929-11-01,3.7685,8.4448,6.7764,NA,NA,NA
1929-12-01,12.7104,20.2451,18.1065,NA,NA,NA
1930-01-01,31.3424,74.8306,61.0008,NA,NA,NA
1930-02-01,28.3922,57.2273,48.1074,NA,NA,NA
1930-03-01,22.089,41.8322,35.2882,NA,NA,NA
1930-04-01,30.8443,44.2576,39.4558,NA,NA,NA
1930-05-01,45.785,59.5492,56.2965,NA,NA,NA
1930-06-01,11.656,16.3837,14.9111,NA,NA,NA
1930-07-01,20.4078,38.0429,32.9292,NA,NA,NA
1930-08-01,70.1659,75.0035,73.4399,NA,NA,NA
1930-09-01,31.9184,56.3928,47.9416,NA,NA,NA
1930-10-01,37.9607,54.4308,48.3318,NA,NA,NA
1930-11-01,25.9176,42.5165,36.8199,NA,NA,NA
1930-12-01,5.2653,17.9366,13.7732,NA,NA,NA
1931-01-01,6.7637,24.1208,18.417,NA,NA,NA
1931-02-01,10.8628,21.6358,18.6763,NA,NA,NA
1931-03-01,16.1871,39.479,32.0384,NA,NA,NA
1931-04-01,21.622,35.5515,31.1715,NA,NA,NA
1931-05-01,22.0678,39.4219,33.6614,NA,NA,NA
1931-06-01,3.3705,4.1501,3.9871,NA,NA,NA
1931-07-01,11.7328,27.2206,23.6881,NA,NA,NA
1931-08-01,10.0275,24.5281,20.5937,NA,NA,NA
1931-09-01,12.2076,18.9335,16.5942,NA,NA,NA
1931-10-01,22.9155,29.7767,26.899,NA,NA,NA
1931-11-01,28.2847,52.7069,44.2425,NA,NA,NA
1931-12-01,35.2735,70.6346,59.0488,NA,NA,NA
1932-01-01,30.0798,66.9556,55.3175,NA,NA,NA
1932-02-01,28.2494,68.5643,55.5631,NA,NA,NA
1932-03-01,31.6981,66.3362,55.4346,NA,NA,NA
1932-04-01,47.6994,67.6586,60.1355,NA,NA,NA
1932-05-01,17.6721,23.1481,22.1364,NA,NA,NA
1932-06-01,30.9527,42.3664,39.6569,NA,NA,NA
1932-07-01,17.1651,28.0611,25.5549,NA,NA,NA
1932-08-01,38.1517,44.2243,41.9914,NA,NA,NA
1932-09-01,0.125,1.3388,1.0268,NA,NA,NA
1932-10-01,14.4288,19.2775,17.4694,NA,NA,NA
1932-11-01,10.4519,26.9835,21.2299,NA,NA,NA
1932-12-01,24.6019,63.3245,50.9226,NA,NA,NA
1933-01-01,28.6827,79.7923,64.1105,NA,NA,NA
1933-02-01,15.602,43.9599,35.2877,NA,NA,NA
1933-03-01,16.6023,34.2059,28.7132,NA,NA,NA
1933-04-01,31.2956,46.6069,41.4299,NA,NA,NA
1933-05-01,49.9664,70.1493,63.5878,NA,NA,NA
1933-06-01,1.4259,2.4624,2.199,NA,NA,NA
1933-07-01,6.7669,18.1696,15.6696,NA,NA,NA
1933-08-01,5.1062,12.4727,10.3093,NA,NA,NA
1933-09-01,8.608,16.6271,13.7615,NA,NA,NA
1933-10-01,6.6019,10.7471,9.3759,NA,NA,NA
1933-11-01,8.3331,10.3758,9.6234,NA,NA,NA
1933-12-01,23.9693,52.4324,43.5511,NA,NA,NA
1934-01-01,16.7671,41.1911,33.692,NA,NA,NA
1934-02-01,27.5845,67.5376,54.9876,NA,NA,NA
1934-03-01,9.0652,22.485,18.3058,NA,NA,NA
1934-04-01,9.9924,16.1292,14.0088,NA,NA,NA
1934-05-01,2.4261,4.145,3.8523,NA,NA,NA
1934-06-01,14.2955,24.0976,20.9466,NA,NA,NA
1934-07-01,19.4048,19.5368,19.3499,NA,NA,NA
1934-08-01,14.4611,24.7796,21.7528,NA,NA,NA
1934-09-01,15.384,20.2746,18.1929,NA,NA,NA
1934-10-01,17.2507,30.204,25.5985,NA,NA,NA
1934-11-01,45.0777,85.1267,71.3746,NA,NA,NA
1934-12-01,24.1817,68.318,53.9081,NA,NA,NA
1935-01-01,9.6507,25.509,20.6386,NA,NA,NA
1935-02-01,16.7044,28.6916,24.8429,NA,NA,NA
1935-03-01,22.1141,48.4856,40.2519,NA,NA,NA
1935-04-01,51.2717,74.2178,66.6206,NA,NA,NA
1935-05-01,52.3464,74.371,67.4306,NA,NA,NA
1935-06-01,1.9098,3.6542,3.1145,NA,NA,NA
1935-07-01,1.8056,5.2794,4.6253,NA,NA,NA
1935-08-01,8.9881,21.6658,17.8283,NA,NA,NA
1935-09-01,6.2006,13.0627,10.542,NA,NA,NA
1935-10-01,8.4163,12.7267,11.415,NA,NA,NA
1935-11-01,17.8179,34.7255,28.5608,NA,NA,NA
1935-12-01,15.9984,33.7367,28.1634,NA,NA,NA
1936-01-01,40.6184,123.0249,97.7602,NA,NA,NA
1936-02-01,57.6911,140.8495,114.101,NA,NA,NA
1936-03-01,29.8987,52.5417,44.9976,NA,NA,NA
1936-04-01,19.7618,31.4452,27.4823,NA,NA,NA
1936-05-01,11.4848,22.474,19.1241,NA,NA,NA
1936-06-01,36.5598,37.4369,37.6847,NA,NA,NA
1936-07-01,31.5624,47.1704,44.1515,NA,NA,NA
1936-08-01,26.2212,41.5697,37.046,NA,NA,NA
1936-09-01,8.3674,15.0219,12.5435,NA,NA,NA
1936-10-01,38.7173,47.9896,43.2811,NA,NA,NA
1936-11-01,18.4169,28.5942,24.2056,NA,NA,NA
1936-12-01,34.7633,72.0872,60.0422,NA,NA,NA
1937-01-01,27.6598,73.3447,59.2693,NA,NA,NA
1937-02-01,40.6013,86.6964,71.8519,NA,NA,NA
1937-03-01,23.5645,50.1463,41.9779,NA,NA,NA
1937-04-01,31.6642,58.4566,49.2965,NA,NA,NA
1937-05-01,29.6264,34.4449,32.7073,NA,NA,NA
1937-06-01,8.9047,15.6861,13.5823,NA,NA,NA
1937-07-01,36.4377,53.2681,49.5822,NA,NA,NA
1937-08-01,6.7486,13.9672,11.7748,NA,NA,NA
1937-09-01,18.9135,30.8714,26.0491,NA,NA,NA
1937-10-01,29.2694,52.6277,43.8159,NA,NA,NA
1937-11-01,25.5114,46.5001,39.6201,NA,NA,NA
1937-12-01,31.6836,61.346,52.2563,NA,NA,NA
1938-01-01,14.1705,39.148,31.6431,NA,NA,NA
1938-02-01,26.2656,51.4143,43.5085,NA,NA,NA
1938-03-01,57.5176,113.2922,96.2301,NA,NA,NA
1938-04-01,32.2878,46.2706,41.808,NA,NA,NA
1938-05-01,44.4849,59.2041,54.5129,NA,NA,NA
1938-06-01,16.0371,20.4369,18.9382,NA,NA,NA
1938-07-01,13.9322,30.3421,26.903,NA,NA,NA
1938-08-01,10.7449,27.894,23.5918,NA,NA,NA
1938-09-01,6.3497,15.2903,11.9409,NA,NA,NA
1938-10-01,48.9646,67.9398,61.4811,NA,NA,NA
1938-11-01,28.7341,56.5498,47.114,NA,NA,NA
1938-12-01,21.9339,47.4112,38.6027,NA,NA,NA
1939-01-01,23.0402,50.5564,41.489,NA,NA,NA
1939-02-01,20.5671,50.4139,41.1784,NA,NA,NA
1939-03-01,15.0763,28.4368,24.0933,NA,NA,NA
1939-04-01,25.1747,36.3776,32.0285,NA,NA,NA
1939-05-01,25.9152,32.2926,30.0387,NA,NA,NA
1939-06-01,13.554,34.8591,28.1304,NA,NA,NA
1939-07-01,9.1453,15.0882,14.539,NA,NA,NA
1939-08-01,4.693,12.298,10.373,NA,NA,NA
1939-09-01,28.3983,43.703,38.2532,NA,NA,NA
1939-10-01,28.4326,38.672,35.3778,NA,NA,NA
1939-11-01,0.6411,0.5454,0.7672,NA,NA,NA
1939-12-01,9.0412,25.4881,20.2356,NA,NA,NA
1940-01-01,54.567,99.6523,84.8976,NA,NA,NA
1940-02-01,37.1833,79.5485,66.8972,NA,NA,NA
1940-03-01,24.7229,48.7365,41.2775,NA,NA,NA
1940-04-01,37.3027,58.219,51.5989,NA,NA,NA
1940-05-01,4.1105,6.3495,5.6526,NA,NA,NA
1940-06-01,7.9922,20.3206,16.1553,NA,NA,NA
1940-07-01,8.2353,11.2983,10.1015,NA,NA,NA
1940-08-01,3.3661,9.5057,7.8759,NA,NA,NA
1940-09-01,53.8879,66.9196,63.4919,NA,NA,NA
1940-10-01,37.6398,45.0538,41.9556,NA,NA,NA
1940-11-01,25.0856,48.4818,40.0742,NA,NA,NA
1940-12-01,34.4481,60.7275,52.2236,NA,NA,NA
1941-01-01,21.6182,48.7401,39.9601,NA,NA,NA
1941-02-01,35.2877,64.4773,55.3549,NA,NA,NA
1941-03-01,34.6382,51.3418,45.7534,NA,NA,NA
1941-04-01,64.0701,91.3785,82.0456,NA,NA,NA
1941-05-01,29.5555,42.471,38.4237,NA,NA,NA
1941-06-01,40.661,50.1612,46.8022,NA,NA,NA
1941-07-01,26.0976,34.8397,32.5913,NA,NA,NA
1941-08-01,30.4238,40.0108,38.213,NA,NA,NA
1941-09-01,19.8525,26.8856,24.5299,NA,NA,NA
1941-10-01,54.8924,76.6253,67.8401,NA,NA,NA
1941-11-01,26.0437,49.1026,41.2249,NA,NA,NA
1941-12-01,39.5091,83.5704,69.7827,NA,NA,NA
1942-01-01,34.1176,53.9801,46.6503,NA,NA,NA
1942-02-01,28.3159,57.3538,47.8494,NA,NA,NA
1942-03-01,18.5397,39.7939,33.5294,NA,NA,NA
1942-04-01,33.0572,51.8611,45.3312,NA,NA,NA
1942-05-01,36.3067,64.3684,56.4978,NA,NA,NA
1942-06-01,15.3992,17.9158,17.0832,NA,NA,NA
1942-07-01,8.1114,15.0763,13.4019,NA,NA,NA
1942-08-01,6.8834,13.5564,11.5557,NA,NA,NA
1942-09-01,14.4711,21.4263,18.271,NA,NA,NA
1942-10-01,17.1907,24.1551,21.8929,NA,NA,NA
1942-11-01,50.4491,81.4806,71.7459,NA,NA,NA
1942-12-01,25.0401,63.2365,51.1369,NA,NA,NA
1943-01-01,20.7341,60.6578,48.3318,NA,NA,NA
1943-02-01,23.3206,52.373,43.6611,NA,NA,NA
1943-03-01,22.8455,42.1973,36.5608,NA,NA,NA
1943-04-01,29.338,34.369,31.6757,NA,NA,NA
1943-05-01,17.8575,31.3541,27.254,NA,NA,NA
1943-06-01,47.3124,77.1815,67.792,NA,NA,NA
1943-07-01,9.5286,18.5629,16.6209,NA,NA,NA
1943-08-01,18.3758,31.5652,27.3646,NA,NA,NA
1943-09-01,2.299,4.5699,4.0729,NA,NA,NA
1943-10-01,40.7127,74.29,62.035,NA,NA,NA
1943-11-01,11.9958,13.5616,13.2389,NA,NA,NA
1943-12-01,22.1699,29.8969,27.2028,NA,NA,NA
1944-01-01,27.9601,44.8209,39.5837,NA,NA,NA
1944-02-01,17.6388,32.5336,28.056,NA,NA,NA
1944-03-01,34.3416,75.2218,62.2803,NA,NA,NA
1944-04-01,69.086,102.1945,90.7586,NA,NA,NA
1944-05-01,29.4563,39.1766,36.5921,NA,NA,NA
1944-06-01,60.93,92.3588,82.9861,NA,NA,NA
1944-07-01,4.8543,7.4235,6.4116,NA,NA,NA
1944-08-01,0,0.1448,0.0976,NA,NA,NA
1944-09-01,7.052,12.2037,10.2611,NA,NA,NA
1944-10-01,7.9182,13.2562,11.4131,NA,NA,NA
1944-11-01,47.3351,65.8488,60.3692,NA,NA,NA
1944-12-01,18.2277,46.8103,37.9646,NA,NA,NA
1945-01-01,7.458,17.7518,14.685,NA,NA,NA
1945-02-01,38.4811,82.1969,67.9855,NA,NA,NA
1945-03-01,33.8158,70.0357,58.9007,NA,NA,NA
1945-04-01,25.1692,45.6712,39.5351,NA,NA,NA
1945-05-01,34.5356,54.1421,47.8372,NA,NA,NA
1945-06-01,60.6668,89.3147,80.3388,NA,NA,NA
1945-07-01,11.2826,17.7139,15.8284,NA,NA,NA
1945-08-01,54.263,66.2498,61.5508,NA,NA,NA
1945-09-01,26.2404,36.8055,33.0477,NA,NA,NA
1945-10-01,20.3264,29.045,25.9743,NA,NA,NA
1945-11-01,47.3106,85.0588,70.6279,NA,NA,NA
1945-12-01,32.7483,77.7066,63.6786,NA,NA,NA
1946-01-01,15.6631,41.7622,33.8418,NA,NA,NA
1946-02-01,6.6362,22.7546,18.1881,NA,NA,NA
1946-03-01,49.3967,59.5758,56.2106,NA,NA,NA
1946-04-01,30.0722,46.259,40.3831,NA,NA,NA
1946-05-01,46.8754,66.3959,60.0953,NA,NA,NA
1946-06-01,3.5621,7.1643,6.2083,NA,NA,NA
1946-07-01,11.6101,18.6503,17.8337,NA,NA,NA
1946-08-01,18.5844,24.8451,23.5777,NA,NA,NA
1946-09-01,7.8297,14.4221,11.9348,NA,NA,NA
1946-10-01,81.9284,125.4841,110.981,NA,NA,NA
1946-11-01,35.6763,58.965,51.4372,NA,NA,NA
1946-12-01,40.9995,62.5051,54.7971,NA,NA,NA
1947-01-01,17.8974,40.2129,32.8309,NA,NA,NA
1947-02-01,14.139,30.838,25.4543,NA,NA,NA
1947-03-01,21.9706,41.8542,35.3323,NA,NA,NA
1947-04-01,42.4277,62.314,55.3083,NA,NA,NA
1947-05-01,36.8224,51.118,46.0751,NA,NA,NA
1947-06-01,49.4725,77.606,68.8562,NA,NA,NA
1947-07-01,1.6302,6.5811,5.3517,NA,NA,NA
1947-08-01,38.1683,56.9959,50.6295,NA,NA,NA
1947-09-01,40.2026,41.5368,40.1355,NA,NA,NA
1947-10-01,32.9926,51.6068,44.8559,NA,NA,NA
1947-11-01,29.7933,67.3826,54.5719,NA,NA,NA
1947-12-01,19.2154,40.1754,33.9266,NA,NA,NA
1948-01-01,13.9748,31.2448,25.5655,NA,NA,NA
1948-02-01,19.8563,42.2525,34.9316,NA,NA,NA
1948-03-01,29.0097,70.821,58.0309,NA,NA,NA
1948-04-01,42.6338,67.1342,58.0073,NA,NA,NA
1948-05-01,13.826,27.0278,23.0813,NA,NA,NA
1948-06-01,34.2522,61.994,53.2569,NA,NA,NA
1948-07-01,4.1029,7.5881,6.5158,NA,NA,NA
1948-08-01,10.2075,21.2881,18.263,NA,NA,NA
1948-09-01,17.9837,16.694,17.815,NA,NA,NA
1948-10-01,18.455,33.8878,28.5596,NA,NA,NA
1948-11-01,27.3586,60.4741,48.6955,NA,NA,NA
1948-12-01,38.4806,92.6976,75.6847,NA,NA,NA
1949-01-01,41.7457,77.2271,65.9521,NA,NA,NA
1949-02-01,16.8724,47.2842,38.0827,NA,NA,NA
1949-03-01,36.2285,65.7917,55.3039,NA,NA,NA
1949-04-01,20.5408,23.6126,22.3333,NA,NA,NA
1949-05-01,65.6244,85.0291,78.8275,NA,NA,NA
1949-06-01,19.8959,41.6588,34.4204,NA,NA,NA
1949-07-01,8.2045,14.5785,12.9203,NA,NA,NA
1949-08-01,10.5451,17.9572,15.9568,NA,NA,NA
1949-09-01,12.0251,18.3036,16.0788,NA,NA,NA
1949-10-01,54.4526,82.2025,71.2109,NA,NA,NA
1949-11-01,22.281,38.3175,32.0354,NA,NA,NA
1949-12-01,32.1763,82.7343,66.2242,NA,NA,NA
1950-01-01,39.6546,91.8183,76.1936,NA,NA,NA
1950-02-01,17.7284,34.8735,28.9088,NA,NA,NA
1950-03-01,29.6137,63.4281,52.9727,NA,NA,NA
1950-04-01,20.2492,33.6237,29.0058,NA,NA,NA
1950-05-01,40.0074,58.4637,51.8204,NA,NA,NA
1950-06-01,9.5639,20.5628,17.5221,NA,NA,NA
1950-07-01,17.3765,25.2419,23.2475,NA,NA,NA
1950-08-01,2.6806,4.9113,4.2998,NA,NA,NA
1950-09-01,22.406,39.2072,33.4206,NA,NA,NA
1950-10-01,15.6954,25.1589,21.8502,NA,NA,NA
1950-11-01,46.235,94.3235,77.1349,NA,NA,NA
1950-12-01,25.6893,67.3194,53.9734,NA,NA,NA
1951-01-01,33.3138,72.8082,60.2971,NA,NA,NA
1951-02-01,21.0075,50.5729,41.5353,NA,NA,NA
1951-03-01,21.5527,36.9503,31.6156,NA,NA,NA
1951-04-01,48.8297,71.0492,63.0641,NA,NA,NA
1951-05-01,34.8132,46.7248,42.0955,NA,NA,NA
1951-06-01,5.0202,15.2567,12.4952,NA,NA,NA
1951-07-01,18.8635,30.7397,28.8799,NA,NA,NA
1951-08-01,47.1968,48.8025,47.3251,NA,NA,NA
1951-09-01,3.5689,7.5228,6.0386,NA,NA,NA
1951-10-01,25.7549,51.5403,42.1276,NA,NA,NA
1951-11-01,36.7688,65.929,55.2288,NA,NA,NA
1951-12-01,40.6862,108.5119,88.4979,NA,NA,NA
1952-01-01,36.8713,90.7392,73.0063,NA,NA,NA
1952-02-01,25.3634,61.0214,49.5189,NA,NA,NA
1952-03-01,50.4524,100.5114,84.9668,NA,NA,NA
1952-04-01,25.5906,41.5142,36.1764,NA,NA,NA
1952-05-01,20.4918,33.5006,29.7824,NA,NA,NA
1952-06-01,20.488,35.3759,30.9748,NA,NA,NA
1952-07-01,4.9278,19.9315,17.1212,NA,NA,NA
1952-08-01,12.9103,34.1949,28.2156,NA,NA,NA
1952-09-01,1.2317,7.6833,5.6534,NA,NA,NA
1952-10-01,0,0,0,NA,NA,NA
1952-11-01,20.7942,30.0591,26.5587,NA,NA,NA
1952-12-01,14.3958,46.4783,36.6159,NA,NA,NA
1953-01-01,48.3696,112.7061,90.2783,NA,NA,NA
1953-02-01,8.1317,25.5102,20.4888,NA,NA,NA
1953-03-01,13.7543,46.7201,36.9768,NA,NA,NA
1953-04-01,46.974,77.3518,66.6279,NA,NA,NA
1953-05-01,38.6311,58.3609,51.3982,NA,NA,NA
1953-06-01,16.4136,27.1109,23.5852,NA,NA,NA
1953-07-01,12.2854,19.3225,17.7033,NA,NA,NA
1953-08-01,8.5929,30.6966,24.8348,NA,NA,NA
1953-09-01,3.1921,3.5636,3.5883,NA,NA,NA
1953-10-01,13.7737,24.3014,20.707,NA,NA,NA
1953-11-01,13.0342,33.5447,26.7081,NA,NA,NA
1953-12-01,14.7741,47.6519,37.1531,NA,NA,NA
1954-01-01,21.9197,53.4788,43.3664,NA,NA,NA
1954-02-01,8.165,31.3333,24.4482,NA,NA,NA
1954-03-01,29.3691,72.0416,59.7903,NA,NA,NA
1954-04-01,13.5056,22.1489,19.5798,NA,NA,NA
1954-05-01,18.285,29.6909,26.7363,NA,NA,NA
1954-06-01,31.8106,45.7141,41.4617,NA,NA,NA
1954-07-01,11.3932,20.861,19.0061,NA,NA,NA
1954-08-01,10.0827,18.6201,15.7356,NA,NA,NA
1954-09-01,19.5823,36.2541,30.4754,NA,NA,NA
1954-10-01,16.8892,22.246,20.822,NA,NA,NA
1954-11-01,31.7469,53.3339,44.3329,NA,NA,NA
1954-12-01,16.5086,38.1591,31.4711,NA,NA,NA
1955-01-01,27.5352,85.6946,66.9925,NA,NA,NA
1955-02-01,22.144,69.0807,55.0265,NA,NA,NA
1955-03-01,6.7481,30.6506,23.7191,NA,NA,NA
1955-04-01,21.1499,50.1163,41.0108,NA,NA,NA
1955-05-01,21.2647,30.2899,28.2308,NA,NA,NA
1955-06-01,39.5228,51.4009,47.317,NA,NA,NA
1955-07-01,8.8529,23.4751,20.4588,NA,NA,NA
1955-08-01,29.1111,36.7843,35.5417,NA,NA,NA
1955-09-01,21.9385,39.0317,32.6623,NA,NA,NA
1955-10-01,14.3987,27.8044,23.0478,NA,NA,NA
1955-11-01,28.0531,67.9896,53.9674,NA,NA,NA
1955-12-01,31.2994,112.9842,87.7553,NA,NA,NA
1956-01-01,51.8287,103.2975,87.163,NA,NA,NA
1956-02-01,14.4579,39.7248,31.7942,NA,NA,NA
1956-03-01,1.2211,7.9564,6.1823,NA,NA,NA
1956-04-01,23.9485,40.4138,34.7862,NA,NA,NA
1956-05-01,44.9614,61.0689,55.6727,NA,NA,NA
1956-06-01,6.0219,15.4079,12.3573,NA,NA,NA
1956-07-01,10.3756,15.8882,14.5808,NA,NA,NA
1956-08-01,0.8523,6.0923,4.7064,NA,NA,NA
1956-09-01,1.1239,5.7536,4.3889,NA,NA,NA
1956-10-01,29.8535,40.008,36.3216,NA,NA,NA
1956-11-01,10.9772,23.0568,18.6779,NA,NA,NA
1956-12-01,26.4762,62.8706,50.7125,NA,NA,NA
1957-01-01,19.0411,59.1174,46.697,NA,NA,NA
1957-02-01,16.6807,47.1487,37.4992,NA,NA,NA
1957-03-01,36.3319,69.481,58.9975,NA,NA,NA
1957-04-01,58.1736,90.3737,79.0135,NA,NA,NA
1957-05-01,82.3518,106.7527,98.8185,NA,NA,NA
1957-06-01,29.5111,40.2571,36.3464,NA,NA,NA
1957-07-01,4.6899,13.8471,11.6495,NA,NA,NA
1957-08-01,13.5547,31.0641,26.0815,NA,NA,NA
1957-09-01,6.7651,11.2368,9.1057,NA,NA,NA
1957-10-01,13.6734,30.7973,25.2532,NA,NA,NA
1957-11-01,29.3126,53.2254,45.4822,NA,NA,NA
1957-12-01,23.7015,73.2069,57.2292,NA,NA,NA
1958-01-01,16.6398,46.5319,37.4639,NA,NA,NA
1958-02-01,33.3309,95.7984,76.7936,NA,NA,NA
1958-03-01,38.8666,67.3655,58.2414,NA,NA,NA
1958-04-01,25.9596,58.617,49.041,NA,NA,NA
1958-05-01,12.7315,19.5591,17.7492,NA,NA,NA
1958-06-01,3.9779,9.6083,8.4408,NA,NA,NA
1958-07-01,3.0206,8.3268,6.8336,NA,NA,NA
1958-08-01,13.7344,19.6152,18.5391,NA,NA,NA
1958-09-01,9.0866,17.8486,15.5424,NA,NA,NA
1958-10-01,0.0563,2.1263,1.4168,NA,NA,NA
1958-11-01,32.2552,51.9572,44.6253,NA,NA,NA
1958-12-01,8.7214,41.2756,31.5055,NA,NA,NA
1959-01-01,26.5636,52.7727,43.9754,NA,NA,NA
1959-02-01,25.8112,70.7683,57.0332,NA,NA,NA
1959-03-01,17.1304,39.7861,32.2655,NA,NA,NA
1959-04-01,28.2404,46.4717,39.7489,NA,NA,NA
1959-05-01,41.3591,50.1485,47.7552,NA,NA,NA
1959-06-01,28.4138,39.0136,34.8672,NA,NA,NA
1959-07-01,3.8619,8.7257,7.5416,NA,NA,NA
1959-08-01,33.0194,41.4927,39.421,NA,NA,NA
1959-09-01,45.3587,73.6636,62.834,NA,NA,NA
1959-10-01,6.7697,15.9021,13.0641,NA,NA,NA
1959-11-01,0.5889,9.5189,6.6019,NA,NA,NA
1959-12-01,21.7234,34.8204,30.5049,NA,NA,NA
1960-01-01,24.7634,47.9607,40.5464,NA,NA,NA
1960-02-01,28.2591,83.1572,67.0316,NA,NA,NA
1960-03-01,28.7948,65.2524,53.6109,NA,NA,NA
1960-04-01,23.7817,39.8144,34.15,NA,NA,NA
1960-05-01,10.5899,20.129,17.3668,NA,NA,NA
1960-06-01,6.5346,13.3801,11.4987,NA,NA,NA
1960-07-01,2.5425,7.0756,6.0376,NA,NA,NA
1960-08-01,15.1887,15.1415,15.1568,NA,NA,NA
1960-09-01,13.9892,27.5149,23.1099,NA,NA,NA
1960-10-01,30.3479,44.2693,39.2108,NA,NA,NA
1960-11-01,36.2457,73.1045,60.4919,NA,NA,NA
1960-12-01,9.1303,21.1229,17.2732,NA,NA,NA
1961-01-01,0,0.6761,0.5087,NA,NA,NA
1961-02-01,26.3279,50.2197,42.3706,NA,NA,NA
1961-03-01,32.2621,63.9612,54.196,NA,NA,NA
1961-04-01,10.5121,24.9411,20.6179,NA,NA,NA
1961-05-01,13.0871,19.1228,17.8722,NA,NA,NA
1961-06-01,6.6823,10.18,9.1655,NA,NA,NA
1961-07-01,14.7578,18.2666,18.105,NA,NA,NA
1961-08-01,22.9416,52.5022,45.5586,NA,NA,NA
1961-09-01,39.5549,68.469,59.2658,NA,NA,NA
1961-10-01,31.7215,58.8024,50.1203,NA,NA,NA
1961-11-01,26.3748,47.8212,40.2657,NA,NA,NA
1961-12-01,27.023,62.5633,50.9463,NA,NA,NA
1962-01-01,19.4694,51.2578,41.1098,NA,NA,NA
1962-02-01,38.9183,97.5998,79.6776,NA,NA,NA
1962-03-01,31.0239,66.0403,54.8309,NA,NA,NA
1962-04-01,41.4508,60.1085,52.4737,NA,NA,NA
1962-05-01,53.3526,65.1921,61.0514,NA,NA,NA
1962-06-01,18.3674,22.2955,21.2427,NA,NA,NA
1962-07-01,20.5503,27.3246,25.6924,NA,NA,NA
1962-08-01,4.8134,8.1394,7.2783,NA,NA,NA
1962-09-01,9.2063,13.7483,11.8911,NA,NA,NA
1962-10-01,14.6729,21.4115,19.6013,NA,NA,NA
1962-11-01,9.5291,18.487,15.5482,NA,NA,NA
1962-12-01,3.314,11.523,9.086,NA,NA,NA
1963-01-01,17.1166,49.1724,39.5026,NA,NA,NA
1963-02-01,23.5238,58.6317,48.133,NA,NA,NA
1963-03-01,26.3578,54.5615,45.8905,NA,NA,NA
1963-04-01,77.0774,119.9085,105.3548,NA,NA,NA
1963-05-01,17.1727,21.9308,21.5893,NA,NA,NA
1963-06-01,59.5682,64.8079,64.9714,NA,NA,NA
1963-07-01,0.4967,4.2595,3.2592,NA,NA,NA
1963-08-01,7.3558,30.8349,24.6871,NA,NA,NA
1963-09-01,44.2362,62.8799,55.5943,NA,NA,NA
1963-10-01,33.5147,41.3549,37.3802,NA,NA,NA
1963-11-01,47.6554,62.9689,57.2954,NA,NA,NA
1963-12-01,15.9234,30.1371,25.6608,NA,NA,NA
1964-01-01,17.0293,58.3794,45.4742,NA,NA,NA
1964-02-01,6.8266,13.9536,11.7838,NA,NA,NA
1964-03-01,30.7208,68.291,56.4271,NA,NA,NA
1964-04-01,43.8824,76.1736,65.3538,NA,NA,NA
1964-05-01,51.9157,77.3182,70.13,NA,NA,NA
1964-06-01,78.4095,102.5427,94.9178,NA,NA,NA
1964-07-01,1.3129,6.8285,5.551,NA,NA,NA
1964-08-01,4.9253,11.4956,9.7965,NA,NA,NA
1964-09-01,3.1678,6.8098,5.8738,NA,NA,NA
1964-10-01,10.6197,14.5192,13.4212,NA,NA,NA
1964-11-01,26.7036,75.5228,59.1756,NA,NA,NA
1964-12-01,64.7715,158.7565,129.5671,NA,NA,NA
1965-01-01,23.6027,82.0782,63.2851,NA,NA,NA
1965-02-01,16.3075,31.2599,26.3099,NA,NA,NA
1965-03-01,5.6388,17.3823,14.2256,NA,NA,NA
1965-04-01,43.1697,67.4572,60.0225,NA,NA,NA
1965-05-01,31.6058,44.6748,40.7447,NA,NA,NA
1965-06-01,43.1822,53.5225,50.2591,NA,NA,NA
1965-07-01,22.185,34.3647,31.7624,NA,NA,NA
1965-08-01,40.5964,46.4544,45.8577,NA,NA,NA
1965-09-01,35.6071,62.1188,52.5143,NA,NA,NA
1965-10-01,5.1453,6.8377,6.2637,NA,NA,NA
1965-11-01,49.1257,89.0473,75.3358,NA,NA,NA
1965-12-01,29.807,57.8394,48.7565,NA,NA,NA
1966-01-01,6.3336,25.0707,19.4157,NA,NA,NA
1966-02-01,21.8915,53.2419,43.1779,NA,NA,NA
1966-03-01,14.9696,30.2875,25.5125,NA,NA,NA
1966-04-01,17.9084,32.0715,26.9058,NA,NA,NA
1966-05-01,23.6213,40.9423,35.6865,NA,NA,NA
1966-06-01,4.7923,12.6604,10.5825,NA,NA,NA
1966-07-01,2.8518,12.4325,10.0893,NA,NA,NA
1966-08-01,5.9625,13.1609,11.5442,NA,NA,NA
1966-09-01,11.7506,38.1131,29.8518,NA,NA,NA
1966-10-01,15.0173,30.7147,25.6226,NA,NA,NA
1966-11-01,23.3232,45.8711,38.1108,NA,NA,NA
1966-12-01,25.9642,69.66,57.4157,NA,NA,NA
1967-01-01,28.3528,73.9914,59.4155,NA,NA,NA
1967-02-01,12.2367,37.6765,29.5219,NA,NA,NA
1967-03-01,35.605,54.3192,47.7275,NA,NA,NA
1967-04-01,56.3413,79.6008,70.0528,NA,NA,NA
1967-05-01,47.3784,63.0398,58.2597,NA,NA,NA
1967-06-01,81.2824,85.1213,84.3914,NA,NA,NA
1967-07-01,11.1014,21.102,19.1803,NA,NA,NA
1967-08-01,4.5965,11.425,9.684,NA,NA,NA
1967-09-01,15.0863,22.6632,20.3277,NA,NA,NA
1967-10-01,23.1889,36.3278,31.3864,NA,NA,NA
1967-11-01,6.2569,22.9436,17.6876,NA,NA,NA
1967-12-01,31.4585,76.2326,61.3684,NA,NA,NA
1968-01-01,13.0392,28.9608,24.0945,NA,NA,NA
1968-02-01,43.2064,90.6318,75.4472,NA,NA,NA
1968-03-01,37.4922,64.0205,54.8017,NA,NA,NA
1968-04-01,42.6807,71.0743,60.7457,NA,NA,NA
1968-05-01,43.5412,56.5336,52.175,NA,NA,NA
1968-06-01,49.1497,58.952,54.6589,NA,NA,NA
1968-07-01,5.4289,16.7234,14.9562,NA,NA,NA
1968-08-01,76.9902,83.0502,81.3263,NA,NA,NA
1968-09-01,6.5785,13.5084,11.1458,NA,NA,NA
1968-10-01,34.5388,47.6252,41.5712,NA,NA,NA
1968-11-01,18.6986,53.9661,42.0795,NA,NA,NA
1968-12-01,31.8807,64.5087,54.0432,NA,NA,NA
1969-01-01,40.2899,113.7387,90.8912,NA,NA,NA
1969-02-01,48.3743,89.7916,75.7373,NA,NA,NA
1969-03-01,4.4399,13.9278,11.5167,NA,NA,NA
1969-04-01,27.6237,46.1418,40.279,NA,NA,NA
1969-05-01,2.1677,4.3448,3.7208,NA,NA,NA
1969-06-01,51.6187,86.2796,75.8359,NA,NA,NA
1969-07-01,9.0326,20.5413,17.7177,NA,NA,NA
1969-08-01,5.3879,18.1669,14.5768,NA,NA,NA
1969-09-01,6.9496,14.1549,12.1756,NA,NA,NA
1969-10-01,39.1084,60.5097,53.4953,NA,NA,NA
1969-11-01,11.1566,20.1606,17.6654,NA,NA,NA
1969-12-01,23.6518,52.1823,42.9572,NA,NA,NA
1970-01-01,37.3637,89.2212,72.8366,NA,NA,NA
1970-02-01,10.457,25.241,20.6595,NA,NA,NA
1970-03-01,12.8128,39.3186,31.7207,NA,NA,NA
1970-04-01,33.6039,66.5113,55.5944,NA,NA,NA
1970-05-01,22.3384,43.5285,37.037,NA,NA,NA
1970-06-01,39.2881,53.3778,49.4195,NA,NA,NA
1970-07-01,15.9447,33.5254,30.517,NA,NA,NA
1970-08-01,10.3702,13.8359,13.0655,NA,NA,NA
1970-09-01,38.1369,55.181,48.2664,NA,NA,NA
1970-10-01,34.7761,58.4379,49.3889,NA,NA,NA
1970-11-01,49.4265,91.8903,76.6579,NA,NA,NA
1970-12-01,37.8891,88.7829,72.1899,NA,NA,NA
1971-01-01,23.0398,69.005,55.3569,NA,NA,NA
1971-02-01,28.4744,46.9797,40.5393,NA,NA,NA
1971-03-01,13.8084,43.904,35.0895,NA,NA,NA
1971-04-01,58.3042,67.0902,65.0735,NA,NA,NA
1971-05-01,29.2373,41.0833,38.3386,NA,NA,NA
1971-06-01,31.418,40.3496,38.2013,NA,NA,NA
1971-07-01,3.7143,8.9471,7.8289,NA,NA,NA
1971-08-01,38.1144,39.0765,37.8292,NA,NA,NA
1971-09-01,19.3407,31.8746,27.945,NA,NA,NA
1971-10-01,61.8914,90.8051,79.5142,NA,NA,NA
1971-11-01,33.108,60.7985,51.1978,NA,NA,NA
1971-12-01,44.0694,100.5246,81.3352,NA,NA,NA
1972-01-01,15.2087,56.9958,44.3366,NA,NA,NA
1972-02-01,4.5492,22.4007,17.2318,NA,NA,NA
1972-03-01,17.0577,35.8568,29.5989,NA,NA,NA
1972-04-01,51.6718,89.7098,75.9095,NA,NA,NA
1972-05-01,2.625,7.8702,6.44,NA,NA,NA
1972-06-01,14.0499,33.5784,28.6963,NA,NA,NA
1972-07-01,3.0571,6.0403,5.3495,NA,NA,NA
1972-08-01,7.9544,16.1383,14.4322,NA,NA,NA
1972-09-01,27.1739,44.9502,39.3583,NA,NA,NA
1972-10-01,63.2646,89.9325,80.8437,NA,NA,NA
1972-11-01,33.6628,54.3796,46.6022,NA,NA,NA
1972-12-01,30.3504,72.2673,58.7056,NA,NA,NA
1973-01-01,29.687,50.2061,43.2214,NA,NA,NA
1973-02-01,22.357,52.806,42.7996,NA,NA,NA
1973-03-01,51.5743,65.194,60.6484,NA,NA,NA
1973-04-01,28.8016,52.1468,44.4608,NA,NA,NA
1973-05-01,24.9896,39.5831,34.6997,NA,NA,NA
1973-06-01,14.9597,28.3406,25.2863,NA,NA,NA
1973-07-01,38.5788,48.4715,45.6936,NA,NA,NA
1973-08-01,11.655,27.2478,22.6461,NA,NA,NA
1973-09-01,58.9868,81.3158,71.0634,NA,NA,NA
1973-10-01,16.8782,22.3029,20.0421,NA,NA,NA
1973-11-01,40.3169,80.8446,67.6788,NA,NA,NA
1973-12-01,30.7317,80.6452,65.0784,NA,NA,NA
1974-01-01,30.3651,61.7892,51.4891,NA,NA,NA
1974-02-01,21.1073,44.2775,36.5137,NA,NA,NA
1974-03-01,17.1952,38.6188,32.3986,NA,NA,NA
1974-04-01,53.6497,87.5204,74.2709,NA,NA,NA
1974-05-01,8.3809,19.1663,15.5582,NA,NA,NA
1974-06-01,4.0952,11.6787,9.433,NA,NA,NA
1974-07-01,6.5254,21.1587,17.9675,NA,NA,NA
1974-08-01,3.9193,8.3215,7.2569,NA,NA,NA
1974-09-01,0.0529,0.7318,0.5021,NA,NA,NA
1974-10-01,47.1907,60.322,55.1922,NA,NA,NA
1974-11-01,22.9834,39.1888,32.8913,NA,NA,NA
1974-12-01,25.2377,66.4569,52.9732,NA,NA,NA
1975-01-01,26.5599,59.6487,48.4894,NA,NA,NA
1975-02-01,17.1301,54.3496,42.8418,NA,NA,NA
1975-03-01,58.4503,99.6462,86.103,NA,NA,NA
1975-04-01,46.196,70.1298,61.2,NA,NA,NA
1975-05-01,44.4943,75.101,65.6714,NA,NA,NA
1975-06-01,36.3106,58.287,50.7329,NA,NA,NA
1975-07-01,14.4867,22.3179,21.2533,NA,NA,NA
1975-08-01,5.9825,10.4128,9.3381,NA,NA,NA
1975-09-01,4.7052,8.3239,7.3604,NA,NA,NA
1975-10-01,48.7641,73.4578,63.9353,NA,NA,NA
1975-11-01,25.0646,56.6632,46.3431,NA,NA,NA
1975-12-01,14.2883,42.0035,32.9459,NA,NA,NA
1976-01-01,12.5144,35.4953,28.4455,NA,NA,NA
1976-02-01,45.1419,77.0946,65.3879,NA,NA,NA
1976-03-01,20.7,55.9869,44.7747,NA,NA,NA
1976-04-01,48.7347,61.0472,56.5408,NA,NA,NA
1976-05-01,23.5832,27.4593,26.3226,NA,NA,NA
1976-06-01,20.2579,38.1111,31.4614,NA,NA,NA
1976-07-01,15.9198,16.3431,15.8108,NA,NA,NA
1976-08-01,28.857,27.3778,28.0181,NA,NA,NA
1976-09-01,14.5749,19.0402,17.9454,NA,NA,NA
1976-10-01,17.2177,24.8613,21.9964,NA,NA,NA
1976-11-01,1.7614,3.8643,3.4121,NA,NA,NA
1976-12-01,0.9127,3.3934,2.5566,NA,NA,NA
1977-01-01,13.9118,26.1591,22.114,NA,NA,NA
1977-02-01,8.2408,32.3553,24.7403,NA,NA,NA
1977-03-01,22.0716,47.1041,38.8737,NA,NA,NA
1977-04-01,10.2302,12.8481,11.7174,NA,NA,NA
1977-05-01,97.4126,113.4543,106.8827,NA,NA,NA
1977-06-01,6.4033,9.4283,9.396,NA,NA,NA
1977-07-01,22.8758,38.9033,35.8404,NA,NA,NA
1977-08-01,50.0601,59.1985,56.0435,NA,NA,NA
1977-09-01,22.0339,38.337,32.9589,NA,NA,NA
1977-10-01,19.8408,36.1922,29.8104,NA,NA,NA
1977-11-01,18.3482,39.4976,32.3231,NA,NA,NA
1977-12-01,25.8983,82.6648,64.8895,NA,NA,NA
1978-01-01,41.1354,81.3518,68.209,NA,NA,NA
1978-02-01,42.5902,76.9644,66.2705,NA,NA,NA
1978-03-01,58.4907,91.3683,81.7031,NA,NA,NA
1978-04-01,65.9073,104.8226,90.5825,NA,NA,NA
1978-05-01,23.3734,38.5355,33.3149,NA,NA,NA
1978-06-01,4.3812,8.9847,7.5738,NA,NA,NA
1978-07-01,2.2255,3.9498,3.627,NA,NA,NA
1978-08-01,24.8254,34.222,30.3072,NA,NA,NA
1978-09-01,44.6267,67.2637,57.9802,NA,NA,NA
1978-10-01,0,1.3913,0.9478,NA,NA,NA
1978-11-01,40.1768,61.9894,54.6575,NA,NA,NA
1978-12-01,25.4462,71.4479,56.661,NA,NA,NA
1979-01-01,32.9,67.6648,56.5248,32.8849,67.7819,56.8672
1979-02-01,31.6077,58.7374,50.1929,31.8694,55.9998,48.5092
1979-03-01,23.9929,41.4826,36.7547,24.6252,42.6365,37.9117
1979-04-01,12.7549,27.2077,22.5402,13.3598,26.5772,22.1684
1979-05-01,24.2105,37.0628,33.3016,24.8383,37.1403,33.9018
1979-06-01,9.9312,12.5812,12.0656,9.356,13.0539,12.2554
1979-07-01,12.5933,18.6868,17.8487,13.5,20.5106,19.7287
1979-08-01,23.3983,30.9907,29.5532,25.6149,32.7047,31.3386
1979-09-01,1.1942,3.3867,2.7723,0.6872,4.1996,3.3562
1979-10-01,40.7771,59.9468,52.8661,39.2265,61.2856,53.8369
1979-11-01,20.8187,41.4438,34.7032,21.6064,41.7729,35.3167
1979-12-01,7.5124,11.8704,10.1959,8.0671,12.7297,10.8192
1980-01-01,73.3688,144.3356,121.1765,69.2001,144.499,120.817
1980-02-01,53.2406,101.2035,85.4706,48.3081,94.7875,80.659
1980-03-01,41.6828,76.7294,65.2315,45.629,75.2776,65.1612
1980-04-01,20.5662,26.9339,25.0456,24.6895,30.1851,28.3303
1980-05-01,94.2381,107.1324,103.9135,90.508,101.67,99.9028
1980-06-01,32.2977,37.2656,35.6209,32.3897,39.1763,36.323
1980-07-01,17.4674,22.5397,20.8934,17.6177,21.79,20.2373
1980-08-01,14.7584,19.2619,17.5116,13.2237,21.8134,19.0576
1980-09-01,17.2158,36.6218,31.0886,17.1304,37.4828,32.1307
1980-10-01,35.9102,43.934,39.5352,33.4204,43.3114,37.8479
1980-11-01,27.8833,34.5722,31.7843,26.2392,36.8616,33.0022
1980-12-01,15.997,32.149,26.7041,15.154,30.5598,25.4788
1981-01-01,17.6986,34.8773,29.4856,18.2398,36.289,30.6208
1981-02-01,9.3498,31.1945,23.8978,10.1154,27.6678,21.7869
1981-03-01,47.9369,74.2518,65.3708,47.8888,74.4807,65.8055
1981-04-01,12.9419,36.3005,30.2765,14.2151,35.1157,30.0111
1981-05-01,78.6418,114.8264,103.3808,75.485,115.3753,104.0713
1981-06-01,10.9421,24.7484,20.14,12.4678,24.9339,20.6969
1981-07-01,5.0748,12.2029,10.2824,4.7161,12.557,10.7232
1981-08-01,3.7557,10.759,9.095,3.3001,12.5697,10.3907
1981-09-01,11.8507,25.1604,21.329,12.7969,26.04,22.3578
1981-10-01,104.4534,115.2774,107.4419,94.889,113.9856,105.6431
1981-11-01,18.3672,41.7324,34.5467,20.0352,43.0627,36.1152
1981-12-01,43.7171,101.1311,82.8444,36.0272,106.0959,85.8829
1982-01-01,29.7296,84.1757,65.3222,24.1414,81.117,63.0303
1982-02-01,22.4049,47.6484,38.7486,18.5779,45.8711,37.401
1982-03-01,72.483,117.9972,101.8488,58.3142,115.7203,98.3448
1982-04-01,27.4762,59.5782,48.3685,25.6688,60.0288,48.3097
1982-05-01,39.2552,44.5056,44.7968,41.8011,43.7925,44.1166
1982-06-01,6.8766,22.8524,19.1058,9.5727,25.5861,22.1508
1982-07-01,70.8013,56.3646,57.0819,54.6989,56.2435,55.4263
1982-08-01,16.6343,21.0881,20.0684,17.7841,21.9447,21.0191
1982-09-01,148.5205,162.1911,151.2725,134.0602,162.7878,151.7552
1982-10-01,45.1514,54.3242,50.802,43.0601,57.8358,53.3921
1982-11-01,37.0598,59.3786,49.6759,35.3153,67.669,56.8305
1982-12-01,48.3232,69.189,61.3596,32.3747,59.9689,51.9901
1983-01-01,26.8248,37.8918,34.2718,24.7128,37.4606,33.5213
1983-02-01,36.0233,65.2478,55.6975,31.1548,64.455,54.5734
1983-03-01,73.9424,88.7545,81.1836,69.1643,90.3202,82.5121
1983-04-01,49.2105,74.8273,65.1698,43.4318,74.071,63.6469
1983-05-01,59.6949,94.5908,81.0787,51.0352,91.7378,78.7798
1983-06-01,24.7,37.6276,34.7012,21.0591,38.759,34.5541
1983-07-01,20.6154,45.8632,40.0811,24.3482,48.1134,42.2752
1983-08-01,91.461,87.1809,85.4463,75.2423,88.1867,83.141
1983-09-01,49.7156,68.3885,59.8669,41.5936,68.6462,60.1181
1983-10-01,44.1777,58.251,51.0074,36.9846,58.57,51.4805
1983-11-01,56.3128,108.5413,91.2922,58.5483,111.6174,94.8645
1983-12-01,110.606,157.8212,138.3154,92.5456,156.8179,134.5701
1984-01-01,11.2563,20.8575,17.8377,12.2397,21.8531,18.8465
1984-02-01,32.9074,40.6183,37.0725,21.9582,41.0805,35.9698
1984-03-01,25.6554,46.0662,38.9087,20.8147,47.4633,39.5125
1984-04-01,67.53,69.0629,67.2246,64.0471,71.5302,67.9535
1984-05-01,22.3599,36.5197,31.0993,22.5507,41.316,35.5337
1984-06-01,49.6527,78.8871,68.5421,39.9605,74.0068,63.5194
1984-07-01,38.177,47.4192,47.0658,37.4357,48.9302,48.0428
1984-08-01,14.6711,40.1693,34.9632,20.5726,43.4339,38.5059
1984-09-01,39.7374,65.6987,54.0551,29.1195,67.6859,55.824
1984-10-01,56.2354,73.7169,65.4851,48.1394,75.7054,66.9088
1984-11-01,46.7249,76.8121,62.7856,38.066,79.7181,64.8281
1984-12-01,20.5001,54.7585,42.5919,16.6528,51.9689,40.5681
1985-01-01,11.3909,24.1673,20.4621,12.6985,24.0807,20.4162
1985-02-01,24.2674,45.0181,37.8071,23.3757,43.4447,36.6012
1985-03-01,29.3794,62.0642,51.5142,27.2749,62.9418,52.4204
1985-04-01,14.4086,28.2354,22.5077,11.2736,27.7534,22.0156
1985-05-01,36.3588,59.0183,52.6788,37.8625,60.6118,54.7444
1985-06-01,14.6483,24.9587,22.5083,18.8936,24.2614,22.6422
1985-07-01,18.6345,46.5118,41.81,17.4465,49.2287,43.7342
1985-08-01,0.2066,3.0639,2.2068,0.183,4.3588,3.3292
1985-09-01,48.0583,60.3127,54.1229,43.0177,60.4835,54.924
1985-10-01,24.2386,54.2185,43.8522,19.9191,56.2094,45.4989
1985-11-01,61.5657,117.9294,95.8454,64.7038,120.21,99.1896
1985-12-01,29.0269,43.909,37.937,25.9271,42.6196,36.9521
1986-01-01,26.8489,42.9176,35.8086,23.2744,44.0012,36.5556
1986-02-01,63.4501,159.283,124.9711,52.8062,157.7293,123.6558
1986-03-01,53.2751,66.3419,60.6976,49.4136,67.2559,60.9422
1986-04-01,106.9651,118.9115,110.5761,98.3676,117.8046,107.5782
1986-05-01,38.5887,58.3656,52.4163,40.446,59.3487,54.2412
1986-06-01,6.7227,12.0209,10.6682,7.1496,10.9503,10.1658
1986-07-01,24.7904,34.9151,32.383,26.2474,35.9027,33.8769
1986-08-01,20.0448,34.5313,31.7002,27.443,34.8213,32.5817
1986-09-01,77.6671,84.6953,74.2011,63.3964,87.1213,78.6803
1986-10-01,25.0038,36.5588,32.4016,20.6443,34.6214,30.3149
1986-11-01,16.6358,40.29,31.5503,15.9708,39.7778,31.5372
1986-12-01,1.7832,7.4045,5.6295,1.3999,6.9083,5.343
1987-01-01,29.7168,50.1163,42.0232,27.8262,49.1208,41.772
1987-02-01,25.5969,37.9069,33.9541,24.0632,37.326,33.5501
1987-03-01,28.4488,48.3123,42.2098,29.2555,48.1596,42.4041
1987-04-01,7.7552,14.0501,11.9448,5.3399,15.0578,12.5804
1987-05-01,99.063,88.4826,86.3238,91.9502,85.7008,84.2698
1987-06-01,7.9557,16.5616,15.0746,8.6381,17.6571,16.0983
1987-07-01,28.1695,48.1339,43.2993,29.2098,47.5345,43.7459
1987-08-01,17.6462,41.7118,34.7487,15.3717,43.8702,36.2795
1987-09-01,6.5537,8.5148,6.7652,1.8366,9.5621,7.319
1987-10-01,32.2971,28.6278,29.4373,30.8989,30.3156,30.4716
1987-11-01,42.2532,49.4227,46.4527,44.1183,48.5868,46.2973
1987-12-01,17.7063,47.3301,38.0029,19.8395,48.2188,39.1683
1988-01-01,18.3075,52.9313,42.049,18.167,51.5707,41.5822
1988-02-01,2.019,18.657,12.947,1.97,18.4987,13.1164
1988-03-01,15.3948,41.5222,34.1489,17.0635,41.829,34.2769
1988-04-01,37.1128,51.8254,45.8858,37.1435,52.9724,46.7871
1988-05-01,42.8918,48.304,45.1791,37.9116,48.7727,45.7361
1988-06-01,2.7947,10.643,8.9173,1.1987,10.5861,8.6849
1988-07-01,0.6834,6.2833,4.8593,0.7462,6.9484,5.5655
1988-08-01,5.2168,12.5851,10.9782,6.6804,13.4171,11.9496
1988-09-01,8.3603,14.7182,12.7148,7.6352,15.0386,13.1682
1988-10-01,1.9074,4.8236,4.208,1.5248,5.1732,4.5641
1988-11-01,57.7937,95.4227,79.9548,62.3275,95.7074,81.9309
1988-12-01,24.1867,47.6629,39.2963,19.5657,47.8258,39.0048
1989-01-01,8.7713,39.4378,30.0769,10.9393,39.1778,30.6662
1989-02-01,22.9198,55.5238,45.1813,26.2812,54.3272,44.7665
1989-03-01,33.2587,76.6308,62.6252,31.3721,78.2067,64.2482
1989-04-01,12.5978,36.6665,28.6946,10.5218,36.7922,28.5276
1989-05-01,47.9774,35.7126,37.9367,44.0868,35.8869,36.9392
1989-06-01,7.8187,28.2464,22.2219,8.9205,28.1892,22.4331
1989-07-01,4.532,14.7859,12.5475,6.1986,15.6062,13.7398
1989-08-01,19.2345,22.8755,21.7717,18.0647,23.9984,22.6249
1989-09-01,15.0721,37.6616,30.3899,16.0829,38.2561,31.4919
1989-10-01,32.3487,37.3946,33.3325,30.1833,36.8394,33.2085
1989-11-01,19.8797,42.416,33.5862,19.1896,41.3947,33.6235
1989-12-01,2.5801,12.8675,9.4362,2.723,12.6336,9.4285
1990-01-01,22.9134,56.8255,44.8839,19.3467,57.6486,45.7268
1990-02-01,8.4846,41.615,31.8959,8.2751,37.9432,29.3936
1990-03-01,26.6052,47.251,41.3685,29.6038,46.8927,42.5088
1990-04-01,49.8625,58.6401,53.8266,40.8854,58.7791,53.4048
1990-05-01,33.7646,44.7596,40.7669,30.0779,46.9158,42.6189
1990-06-01,23.2169,39.5673,34.7981,20.5696,37.9862,33.0866
1990-07-01,5.3203,16.1808,13.087,8.4012,16.7563,14.3437
1990-08-01,14.6603,19.4397,17.1653,14.4237,20.3205,17.9818
1990-09-01,16.0222,34.562,26.7384,14.9025,35.0126,27.8786
1990-10-01,13.9803,34.279,27.1934,12.4639,34.9608,28.0337
1990-11-01,29.2878,53.0161,43.994,30.0831,51.9456,44.048
1990-12-01,18.3677,44.3315,34.9746,14.9319,44.4783,35.2185
1991-01-01,22.499,37.2088,31.08,21.1939,35.9043,30.4594
1991-02-01,25.1053,23.7561,21.3563,20.1902,27.5023,23.4959
1991-03-01,29.8979,67.7772,54.5734,23.5204,62.6446,50.1204
1991-04-01,47.2,70.0698,62.7526,45.699,68.8939,62.1828
1991-05-01,63.4912,79.7828,73.1278,64.7938,85.8706,79.4461
1991-06-01,27.9462,40.9929,35.3876,24.9802,34.0639,30.1089
1991-07-01,4.7694,13.1832,10.8738,4.8741,13.4407,11.4049
1991-08-01,12.7399,43.06,35.6288,17.2447,44.3614,37.4079
1991-09-01,40.4051,54.1125,47.5941,37.189,54.3889,48.3243
1991-10-01,48.7021,56.112,50.9729,44.5617,55.2297,50.0651
1991-11-01,45.3213,75.0258,64.8171,48.955,74.3571,65.0906
1991-12-01,10.9847,20.5242,17.1112,10.4454,19.6462,16.5965
1992-01-01,15.0248,19.8758,17.1636,15.8079,19.0169,16.6453
1992-02-01,37.4823,45.0474,41.6616,33.3964,44.4782,40.8301
1992-03-01,22.4575,30.8773,27.8972,23.0961,30.9092,28.2329
1992-04-01,9.0955,23.8952,18.6634,7.5229,25.0113,19.6073
1992-05-01,11.5592,37.5206,29.4146,13.7845,37.3371,29.8846
1992-06-01,28.0637,27.4155,24.5223,19.1017,30.0953,26.1703
1992-07-01,26.1776,34.4824,31.0526,25.9616,31.6563,29.8156
1992-08-01,5.331,12.677,10.4034,7.1703,13.7436,11.7636
1992-09-01,9.3681,21.0251,17.271,8.546,20.4899,17.1265
1992-10-01,55.9805,56.1725,52.1077,44.0429,58.6216,52.7394
1992-11-01,37.8451,59.914,50.4617,39.7488,58.9157,50.9324
1992-12-01,30.4635,69.2309,57.2323,25.5465,67.8295,55.7216
1993-01-01,62.3374,84.4126,76.2303,60.0084,84.3872,76.3959
1993-02-01,33.4724,68.8011,57.1514,29.6207,68.4502,56.882
1993-03-01,35.1615,66.9079,56.9664,32.2194,66.7181,56.8971
1993-04-01,35.7025,61.7045,50.7751,28.5847,61.2444,49.3856
1993-05-01,52.106,85.5099,72.91,52.8973,85.8995,75.4924
1993-06-01,49.577,62.2805,56.8725,34.2602,64.3522,56.1359
1993-07-01,38.0527,50.9047,45.636,34.0727,52.1884,46.4802
1993-08-01,15.4052,35.4894,30.0468,14.6044,35.0472,29.9079
1993-09-01,14.2023,14.235,13.3107,12.4647,14.6838,13.8137
1993-10-01,62.0027,61.5296,58.6132,60.2684,61.5895,58.6412
1993-11-01,13.7311,26.7064,20.7865,9.6149,26.1373,20.09
1993-12-01,11.2033,26.8487,21.897,13.1191,26.5334,22.2811
1994-01-01,12.2797,33.8435,26.336,11.8581,33.5367,26.4463
1994-02-01,59.4915,81.821,68.7315,30.4546,79.8782,64.6799
1994-03-01,40.6707,48.9675,45.4127,37.9362,48.6536,43.7301
1994-04-01,62.4476,59.8287,58.2827,55.6549,57.3629,55.5351
1994-05-01,25.947,31.3341,29.8516,26.3257,37.1534,35.449
1994-06-01,3.57,10.2815,9.0757,0.5729,5.1731,3.8893
1994-07-01,2.3124,5.8771,5.4483,0.5582,6.4115,5.5309
1994-08-01,10.3074,27.1266,23.5457,11.8484,27.5915,24.2033
1994-09-01,28.1727,23.4838,23.9791,23.8372,25.7923,25.2423
1994-10-01,58.5471,83.429,71.5611,53.3263,81.9234,70.4735
1994-11-01,72.1109,79.1743,72.0542,67.7047,78.8527,72.1817
1994-12-01,21.8649,40.6639,33.8353,18.9054,40.4874,33.585
1995-01-01,64.1092,76.4548,67.5396,48.037,77.982,67.1634
1995-02-01,32.9088,49.346,42.0241,28.0698,45.3523,38.5565
1995-03-01,100.1409,100.8498,94.0088,73.6056,98.2265,90.1497
1995-04-01,58.1129,55.461,53.8734,37.2166,56.9328,52.0114
1995-05-01,116.2991,117.4793,112.4119,99.8016,113.1459,107.3628
1995-06-01,71.0784,61.2138,62.3699,53.1402,62.4782,60.6302
1995-07-01,13.2038,33.5257,26.8116,13.0192,32.4273,27.073
1995-08-01,11.082,16.7209,15.072,9.8111,17.8098,16.0091
1995-09-01,22.8702,24.6546,22.4137,21.483,23.7705,22.0081
1995-10-01,9.5443,21.9133,16.7104,6.6587,26.1891,19.8796
1995-11-01,21.3082,56.2445,42.6578,14.5081,51.5244,39.8023
1995-12-01,44.7596,64.1232,55.1622,29.6294,68.2334,56.7709
1996-01-01,60.8541,110.0196,89.3366,53.4228,105.6452,86.5616
1996-02-01,41.9828,61.5898,52.7244,33.3643,58.2004,50.3783
1996-03-01,54.8139,67.4943,60.3988,51.8904,65.4607,59.5324
1996-04-01,35.6842,54.7129,46.2954,30.4557,53.5952,45.4685
1996-05-01,64.3679,72.6015,69.0848,51.2793,72.3514,68.672
1996-06-01,0.462,10.9632,7.7231,1.1402,11.4921,8.3499
1996-07-01,21.263,23.2005,22.6256,17.9459,22.8804,21.657
1996-08-01,0.297,4.0965,3.0648,0.4357,4.2229,3.2185
1996-09-01,28.9235,31.7904,28.5043,24.6586,32.4595,29.0277
1996-10-01,44.9573,54.7644,47.6974,34.5901,54.3545,47.2695
1996-11-01,52.0164,77.4948,66.1572,40.0947,76.3198,64.4137
1996-12-01,95.6612,145.7263,120.0708,30.0535,143.1727,111.7429
1997-01-01,87.173,115.9086,100.0238,54.9695,113.92,95.8191
1997-02-01,30.0841,35.8992,32.7908,27.2872,34.9008,31.8505
1997-03-01,13.4757,28.8912,22.549,13.0726,31.7549,25.5368
1997-04-01,52.9161,71.7028,61.8926,36.1657,69.6527,58.4286
1997-05-01,46.7701,57.1038,51.0015,43.0133,53.0485,48.687
1997-06-01,54.9516,49.155,50.3868,46.3814,48.1838,48.1145
1997-07-01,33.7892,38.1978,37.9504,29.8791,38.9219,37.7845
1997-08-01,31.4665,48.2296,40.9328,31.186,48.4255,42.2538
1997-09-01,45.5235,67.6467,58.8578,41.8757,66.298,59.0052
1997-10-01,36.3116,46.6657,39.9277,32.044,47.025,40.8858
1997-11-01,27.4721,37.7072,32.8305,20.309,34.6905,30.2619
1997-12-01,31.1953,34.4181,30.8796,27.2233,33.829,30.366
1998-01-01,91.5234,111.2091,94.147,34.635,108.2054,86.5416
1998-02-01,96.5766,84.1847,81.907,80.5811,83.3975,79.9363
1998-03-01,51.2202,66.1079,59.3431,43.652,64.8494,57.6191
1998-04-01,56.8825,51.415,48.9532,43.098,49.0049,46.2911
1998-05-01,73.0036,77.6512,74.179,58.0607,75.928,72.3165
1998-06-01,85.669,101.3172,89.7045,76.2968,100.4424,88.8449
1998-07-01,28.202,32.974,32.8094,18.99,33.9059,31.8285
1998-08-01,16.8774,29.1287,24.5929,18.4098,29.2587,25.5063
1998-09-01,29.956,36.2477,33.7161,24.9205,36.3888,34.4654
1998-10-01,47.6361,51.0117,46.9182,39.5915,51.7287,46.6884
1998-11-01,25.6547,43.1747,35.2218,20.5293,43.8066,35.8316
1998-12-01,16.9638,31.3223,25.5174,15.3226,33.2866,27.4183
1999-01-01,66.8423,78.1163,68.6357,38.8599,73.9348,62.5124
1999-02-01,38.3441,75.5577,59.6281,23.1711,72.7441,56.4949
1999-03-01,19.8491,29.8905,24.4942,12.7847,32.5746,26.2455
1999-04-01,89.1045,97.3496,88.8683,62.2647,96.7962,86.3757
1999-05-01,70.2639,85.4365,74.55,48.296,81.4378,71.1061
1999-06-01,48.4862,46.7571,46.2652,30.8606,44.6759,42.2796
1999-07-01,6.8334,24.0735,19.2781,7.4553,23.6398,19.416
1999-08-01,21.2709,33.6473,30.0542,16.9775,34.2504,30.6657
1999-09-01,6.9715,19.2426,14.4528,6.027,18.6374,14.4357
1999-10-01,0.8332,6.8149,5.178,1.1156,6.8667,5.2965
1999-11-01,14.1398,16.0805,13.6969,13.9742,15.8983,13.8814
1999-12-01,22.0192,35.9251,29.5363,18.1899,35.7645,29.1164
2000-01-01,53.1335,77.1135,64.4882,37.5771,77.9109,64.4683
2000-02-01,78.783,83.7817,76.6149,46.3853,79.6395,70.3809
2000-03-01,39.0781,47.1943,40.6317,23.1939,46.4567,39.0575
2000-04-01,20.5936,31.0588,26.9205,16.191,29.5656,25.7665
2000-05-01,35.4927,47.6376,41.4501,31.9764,48.2672,42.2702
2000-06-01,3.7547,10.8126,8.2716,2.8549,11.2176,8.6598
2000-07-01,5.6275,8.6556,8.079,6.3721,8.0819,7.2956
2000-08-01,48.8151,40.3046,39.089,44.7099,49.0214,45.7073
2000-09-01,25.4189,42.0169,34.5896,21.8804,35.9718,31.153
2000-10-01,70.8912,62.6404,61.4894,51.576,63.9322,60.4362
2000-11-01,23.8932,37.4899,30.5382,19.7627,34.8031,28.4799
2000-12-01,30.0226,47.3553,37.838,16.4005,46.0054,35.9006
2001-01-01,16.9485,23.07,20.3123,11.8821,22.9573,19.6978
2001-02-01,39.6223,45.3137,37.7612,24.88,43.5489,35.6354
2001-03-01,36.7493,34.9553,33.792,28.1239,33.7192,32.1249
2001-04-01,62.4608,67.8804,60.4242,32.4992,67.2057,56.6614
2001-05-01,4.7092,16.9748,12.7202,4.2553,18.2508,14.1662
2001-06-01,21.3417,18.1737,16.7018,17.8568,18.5242,16.4358
2001-07-01,24.8149,25.4758,23.7636,25.6144,25.0932,24.5137
2001-08-01,7.8447,16.8425,14.2691,9.9085,17.5475,15.312
2001-09-01,3.1037,10.9945,9.1076,2.9494,11.0223,9.1868
2001-10-01,22.9769,29.3016,25.1114,12.1425,35.3776,28.4673
2001-11-01,84.0181,84.9952,76.7038,62.5834,79.6108,72.2474
2001-12-01,52.7961,71.0847,61.6928,32.5165,68.0723,57.2933
2002-01-01,36.4117,37.4228,33.2501,18.7852,35.0188,29.3924
2002-02-01,10.0901,20.1557,15.1476,2.4645,18.7222,13.5688
2002-03-01,42.1422,51.6519,44.5805,29.411,50.3624,42.503
2002-04-01,64.5519,57.7933,55.0482,49.2712,55.9094,52.0521
2002-05-01,26.1579,32.5933,28.5758,16.1555,33.0874,28.9923
2002-06-01,6.7466,9.7034,9.0365,3.1323,9.4106,8.4056
2002-07-01,3.8962,19.1636,15.0706,4.553,19.4521,15.6428
2002-08-01,1.7318,3.0704,2.6196,2.0448,3.7896,3.1593
2002-09-01,52.3385,65.9968,57.978,40.5438,65.9012,57.8896
2002-10-01,27.9077,44.646,37.4996,24.211,43.7547,36.5743
2002-11-01,30.0176,43.4656,36.5905,20.7092,42.521,35.4694
2002-12-01,22.2384,36.5303,29.9931,8.3811,40.0629,31.0846
2003-01-01,27.6493,31.0795,26.2662,16.5017,24.6216,20.8165
2003-02-01,30.854,52.7484,43.7171,22.6977,50.2477,41.2537
2003-03-01,31.3929,53.968,44.5403,23.7478,53.6566,43.6371
2003-04-01,39.5701,37.4555,36.1231,29.6644,36.0074,34.6229
2003-05-01,40.8661,53.0568,46.9749,32.1735,53.7675,47.5206
2003-06-01,13.2685,32.8212,26.2818,10.5243,34.4317,27.3748
2003-07-01,5.2549,8.6516,7.4619,3.9134,8.851,7.7011
2003-08-01,17.5405,31.3637,27.6582,17.1123,32.1166,27.7698
2003-09-01,13.2211,20.2406,16.3755,10.0152,20.941,17.3749
2003-10-01,9.6801,14.6453,11.8756,6.812,16.0357,12.7554
2003-11-01,48.2403,70.6102,57.7032,34.668,68.6133,56.0915
2003-12-01,86.4356,89.7148,81.2415,58.6582,90.2783,79.0939
2004-01-01,23.1415,39.8501,31.3902,8.7383,36.3329,27.9678
2004-02-01,66.914,64.3985,62.0962,59.6551,65.1304,62.5165
2004-03-01,20.0832,27.456,23.1369,14.966,25.2274,21.3117
2004-04-01,48.2166,50.1647,47.2059,36.9079,49.6466,45.9557
2004-05-01,38.5373,50.9625,44.945,29.2076,50.941,45.1215
2004-06-01,22.0127,36.2622,29.3321,12.8961,36.5753,28.7659
2004-07-01,10.7626,20.1384,18.2056,13.466,20.8489,19.0816
2004-08-01,16.518,32.7572,27.0848,16.1872,34.6251,29.1963
2004-09-01,31.4017,32.9287,29.9292,28.7954,33.2898,30.8882
2004-10-01,130.0568,129.9029,117.8515,79.0047,132.5202,115.4994
2004-11-01,33.7047,38.9516,34.7288,27.0944,36.6028,32.7552
2004-12-01,34.9248,55.1219,45.1638,13.0919,58.2553,45.655
2005-01-01,83.7028,98.6149,90.4201,59.7581,90.7551,80.9892
2005-02-01,60.8025,50.4923,47.7537,28.5989,50.0396,42.988
2005-03-01,76.0984,67.405,62.1803,48.4823,67.1132,59.9423
2005-04-01,77.662,80.6744,76.2064,62.8745,81.2599,77.198
2005-05-01,113.0861,91.8834,95.0499,86.4568,91.7202,92.0883
2005-06-01,63.7732,59.1889,55.1348,45.573,57.2224,51.6362
2005-07-01,0.8548,5.6476,4.4169,0.6828,6.1638,4.9674
2005-08-01,15.987,21.8738,19.1043,16.0856,20.9987,18.9815
2005-09-01,10.2354,20.6797,17.3927,7.6617,20.6111,17.38
2005-10-01,39.9412,41.5226,38.2722,21.3497,42.1199,37.3588
2005-11-01,41.6647,54.9987,44.9461,22.1037,53.1097,42.1202
2005-12-01,55.5336,84.597,70.2339,23.9745,96.4654,75.4405
2006-01-01,82.3919,104.5538,89.582,41.7911,92.2933,76.8662
2006-02-01,24.7363,34.4875,28.753,17.2928,37.2411,30.2516
2006-03-01,90.8024,92.0515,84.5616,50.0766,85.8623,76.3673
2006-04-01,79.2863,68.8466,66.7107,49.8596,66.9934,62.3677
2006-05-01,29.1932,26.5888,25.4852,17.012,27.2525,24.8001
2006-06-01,20.7174,23.3403,20.7036,14.9452,23.6556,20.6516
2006-07-01,5.5196,16.5987,14.1375,5.0835,16.2215,14.5744
2006-08-01,27.8023,30.7555,26.4174,22.5453,29.8371,25.245
2006-09-01,62.5568,66.9401,58.7513,44.1142,67.1424,58.304
2006-10-01,63.4645,61.3074,56.3517,29.1242,60.6324,52.3384
2006-11-01,40.6573,55.2566,45.0176,25.0214,54.7648,43.5675
2006-12-01,23.3359,38.1977,32.3934,12.2117,36.6797,30.2982
2007-01-01,17.4038,20.9787,18.9961,14.0579,20.5736,18.2847
2007-02-01,50.597,62.6043,53.8254,29.1461,60.8826,50.5253
2007-03-01,35.4263,41.9971,38.2172,23.2948,39.3098,34.7197
2007-04-01,29.9106,32.0982,29.2192,12.8696,30.7243,26.5395
2007-05-01,21.2839,29.1336,24.6269,12.9227,29.0449,23.9451
2007-06-01,39.5471,24.6785,25.988,23.3462,24.9174,24.5869
2007-07-01,19.0217,18.0274,18.7972,15.2786,19.1072,18.5889
2007-08-01,10.3865,23.6687,18.7317,10.2464,23.7759,19.5241
2007-09-01,37.8047,47.2979,40.0451,31.0557,47.5701,40.6289
2007-10-01,48.1469,53.6819,46.9395,36.6352,53.2783,46.2132
2007-11-01,9.265,11.5009,9.945,6.6943,14.7099,12.0028
2007-12-01,83.2626,84.1832,75.1618,45.9668,78.7689,68.3078
2008-01-01,65.0874,82.8055,67.954,31.2814,82.1794,65.341
2008-02-01,56.7239,73.4504,61.8064,21.0991,63.5177,51.8413
2008-03-01,28.9476,40.8141,33.483,17.2811,41.6681,33.4469
2008-04-01,16.3286,29.1014,22.7912,7.6733,26.783,20.4365
2008-05-01,41.5898,60.9302,52.0708,25.5094,60.0793,50.7546
2008-06-01,21.5539,24.9414,22.6625,11.992,23.5477,19.9477
2008-07-01,1.7167,5.2011,4.3716,1.5493,5.8224,4.617
2008-08-01,5.235,13.9804,11.2835,14.0734,22.5286,19.2766
2008-09-01,31.9441,40.045,33.4996,10.5715,34.5823,26.3101
2008-10-01,36.1562,32.7117,30.4831,23.161,32.969,30.14
2008-11-01,35.635,51.094,43.734,30.133,51.2618,43.8416
2008-12-01,59.6633,72.8597,62.6407,22.7147,70.2291,56.9981
2009-01-01,62.0071,74.7853,64.3083,47.588,74.7966,64.1144
2009-02-01,58.7352,52.1765,47.8765,31.618,49.817,43.0012
2009-03-01,39.786,58.7977,48.9048,29.2819,61.3772,50.2091
2009-04-01,64.8083,89.5152,76.8699,46.481,86.6016,74.1995
2009-05-01,36.1658,43.3216,39.6217,29.4808,45.0205,41.6835
2009-06-01,87.9504,102.7277,96.7981,72.4622,102.4627,94.8867
2009-07-01,7.2823,10.569,9.2061,6.9579,12.5688,11.6628
2009-08-01,10.9578,19.2761,17.209,13.0654,21.5279,19.0556
2009-09-01,16.4138,20.683,18.4054,18.2891,29.2847,24.9496
2009-10-01,43.9162,60.745,50.2167,27.7842,48.936,41.9393
2009-11-01,6.8213,14.1787,10.9489,5.9603,13.4625,11.4734
2009-12-01,44.5391,48.434,43.746,29.3667,46.2881,40.834
2010-01-01,29.0072,44.5736,39.3643,16.6792,42.4451,35.1784
2010-02-01,19.6816,32.8053,26.7985,12.0759,21.3254,17.238
2010-03-01,23.2906,34.4299,30.0736,27.7347,36.9067,33.3686
2010-04-01,65.4539,82.4804,72.5165,46.4309,71.2917,61.6428
2010-05-01,72.6098,80.8085,73.5554,55.6033,69.3552,62.32
2010-06-01,31.2973,46.5721,39.8613,20.9291,39.9071,33.5567
2010-07-01,1.1615,9.4835,8.1631,2.5387,6.0659,6.1984
2010-08-01,22.4113,37.9159,32.6161,16.8136,30.9685,26.4087
2010-09-01,4.701,10.0526,8.0046,3.2246,7.0097,5.7173
2010-10-01,61.8723,81.7635,70.6986,33.1397,79.5715,64.9926
2010-11-01,56.0338,81.4258,70.0038,46.1352,70.072,60.8901
2010-12-01,111.0979,135.4569,120.4275,58.6288,126.1956,106.3043
2011-01-01,27.4442,44.929,36.4234,18.0742,42.5866,34.8753
2011-02-01,35.7434,60.0995,50.0306,30.4055,59.1116,49.486
2011-03-01,65.9049,82.6606,71.49,54.1066,84.2147,73.1863
2011-04-01,90.4781,114.2785,99.2361,81.9787,115.7136,101.9689
2011-05-01,132.7082,110.3206,111.3063,108.9032,107.3358,106.5029
2011-06-01,20.9675,29.3922,26.9754,18.9442,29.7438,26.4672
2011-07-01,6.8169,24.8928,19.4527,11.8834,30.3476,24.7814
2011-08-01,40.6853,40.7384,35.9255,25.1852,35.6758,31.3872
2011-09-01,16.0177,22.0139,18.6101,9.8141,22.3587,18.7586
2011-10-01,42.6412,53.1489,48.1087,36.3932,55.172,49.5495
2011-11-01,39.7316,53.8819,46.218,37.7283,53.6143,46.7179
2011-12-01,3.5987,14.0374,10.5807,2.1728,14.7208,10.9377
2012-01-01,74.4184,68.5807,64.031,56.7242,66.239,61.8263
2012-02-01,14.1707,41.3386,32.1465,17.0954,42.759,34.718
2012-03-01,30.4279,40.4365,35.7745,18.9345,38.739,33.3447
2012-04-01,46.4979,46.009,42.84,41.9833,46.2929,43.6359
2012-05-01,26.8997,35.4697,30.2579,11.7395,34.2167,28.0594
2012-06-01,1.6926,1.3199,1.5686,1.1997,1.2678,1.4975
2012-07-01,24.5921,27.0256,27.2019,22.6774,27.9844,26.6879
2012-08-01,3.4446,7.8956,6.7233,4.3477,9.9385,8.3132
2012-09-01,19.588,26.517,23.54,14.9045,24.1479,22.3448
2012-10-01,41.7218,48.529,41.1655,33.8092,49.3298,41.672
2012-11-01,25.8766,42.7052,35.1119,33.3212,46.7508,41.1094
2012-12-01,58.1145,80.0583,71.6231,47.3421,78.7809,69.9379
2013-01-01,44.7868,42.841,40.3913,43.8166,44.6634,42.7278
2013-02-01,21.4346,25.1107,22.6389,19.2046,22.598,20.9576
2013-03-01,11.7215,27.6544,21.5252,6.6222,27.115,20.6105
2013-04-01,32.9103,59.6349,50.2765,30.0439,58.4746,49.4314
2013-05-01,48.587,41.182,40.3698,39.2513,41.4584,39.9051
2013-06-01,0.1639,0.9756,0.7805,0.0694,1.066,0.8835
2013-07-01,20.4578,29.9881,27.6872,25.8261,31.7255,30.3192
2013-08-01,5.6139,17.5116,13.6149,5.0397,18.2235,14.2808
2013-09-01,44.4163,67.8626,60.9958,34.1162,69.5378,60.274
2013-10-01,29.7837,40.1739,35.1148,27.7761,44.334,38.7737
2013-11-01,17.5531,28.552,23.8734,16.6171,28.7033,24.64
2013-12-01,46.4207,48.4184,44.0816,40.4923,50.6496,46.2023
2014-01-01,26.582,43.871,36.3791,22.5211,41.6943,35.1399
2014-02-01,47.0768,86.6742,69.2193,52.529,95.2731,79.3399
2014-03-01,49.7947,66.0053,58.0482,29.4041,58.624,49.2797
2014-04-01,49.583,47.0472,45.0305,37.0565,43.4639,41.0248
2014-05-01,26.6579,34.3957,30.4197,22.3589,34.0431,30.2038
2014-06-01,24.9288,27.6132,24.1209,22.4687,27.358,24.3505
2014-07-01,21.7228,29.3223,25.5762,22.6705,30.2171,26.9831
2014-08-01,46.3577,85.4436,74.2377,49.8203,90.8436,79.3676
2014-09-01,58.3379,82.9938,73.3528,66.301,90.9916,82.0447
2014-10-01,5.7196,14.5862,11.2121,0.6433,7.5295,5.2324
2014-11-01,23.3924,51.2324,40.5899,17.248,51.35,39.889
2014-12-01,51.7007,66.8618,57.6752,33.2102,67.419,57.371
2015-01-01,21.9536,28.6922,25.1094,19.1057,28.4723,25.7325
2015-02-01,5.2944,23.1246,16.6435,8.7473,25.4638,19.7012
2015-03-01,16.1668,26.0465,21.4373,19.8154,24.9124,21.6461
2015-04-01,47.9768,43.0882,41.7125,47.1386,44.3322,43.9641
2015-05-01,135.1275,123.2775,123.3706,126.7641,124.1494,124.4598
2015-06-01,6.1537,16.8496,14.4485,6.9382,16.4424,14.0524
2015-07-01,29.8952,36.3612,32.8108,28.4535,39.6949,35.0108
2015-08-01,30.7079,35.3035,30.7445,28.2965,36.3161,30.8996
2015-09-01,37.7035,43.3212,40.8643,35.1906,44.6026,43.4548
2015-10-01,30.3393,31.5654,31.8146,23.7026,31.5397,31.8173
2015-11-01,22.5246,39.3859,33.209,21.156,39.9808,33.2668
2015-12-01,61.027,72.5974,62.1442,38.4138,75.828,63.4278
2016-01-01,53.5102,69.0821,59.9399,38.1019,69.4201,59.4442
2016-02-01,13.8999,30.9444,24.6742,9.4771,27.6953,21.512
2016-03-01,55.6369,75.6059,67.4946,45.4642,76.7625,67.6781
2016-04-01,58.0737,57.6793,55.4961,44.0748,56.3192,53.1499
2016-05-01,51.1082,76.0015,65.2324,43.8568,75.6543,65.0001
2016-06-01,11.0568,12.0524,11.3828,8.6661,13.3471,12.0969
2016-07-01,0.209,3.6311,2.943,0.0861,2.6604,2.1464
2016-08-01,3.1756,8.2859,6.0599,3.1223,8.2814,6.065
2016-09-01,67.89,75.427,68.6783,56.5694,76.6368,70.5265
2016-10-01,32.5474,68.2185,56.4727,25.0376,73.7894,60.0953
2016-11-01,32.0138,46.5758,38.8723,27.0889,41.6707,35.3201
2016-12-01,75.2031,95.6845,83.5812,46.5357,94.4894,79.6988
2017-01-01,89.4128,145.8149,122.0367,62.7316,142.485,117.6269
2017-02-01,67.1244,114.1521,93.865,48.264,111.2296,89.9729
2017-03-01,52.8017,68.8397,60.9987,42.7132,71.9234,62.6578
2017-04-01,71.7333,84.5758,76.9077,55.1484,79.4963,71.9293
2017-05-01,18.4091,25.4954,22.068,15.1805,25.6131,21.9361
2017-06-01,11.2467,16.4744,13.1361,8.8586,16.4314,12.8818
2017-07-01,8.5017,17.0484,14.6601,7.8243,17.3131,14.8976
2017-08-01,5.7291,14.7314,13.0115,5.7767,16.1361,14.255
2017-09-01,44.5076,66.6083,58.573,39.4546,71.2567,63.2839
2017-10-01,4.8812,11.9571,9.5536,1.1717,7.8127,5.8067
2017-11-01,33.6149,59.6307,48.3135,29.2714,59.6663,48.6942
2017-12-01,15.8528,33.1634,25.6564,9.8933,32.9948,24.8994
2018-01-01,22.4753,39.1276,32.179,15.8017,38.1617,30.9385
2018-02-01,18.3052,36.8371,30.3878,12.6643,35.6643,29.1479
2018-03-01,61.9832,67.2583,61.9671,50.0661,66.9171,61.0392
2018-04-01,30.4468,44.8281,39.1121,28.9873,52.6889,45.0167
2018-05-01,39.8912,52.1902,49.0254,28.5323,43.8733,42.1379
2018-06-01,1.4993,10.4958,7.4263,0.4729,10.3405,7.0997
2018-07-01,1.7885,6.942,5.586,1.6219,7.03,5.6645
2018-08-01,6.6402,17.0751,13.989,6.164,17.9548,14.6087
2018-09-01,0.0039,1.0075,0.6867,0.0021,0.9637,0.654
2018-10-01,68.936,70.4648,63.7756,52.5017,71.1611,63.0789
2018-11-01,43.7314,52.081,44.7557,40.6637,59.4713,50.3708
2018-12-01,31.6446,40.329,35.8639,16.6426,31.2885,27.7612
2019-01-01,64.4439,68.3577,61.7188,45.3611,66.9727,59.0556
2019-02-01,61.1926,88.1108,78.0383,43.7606,88.4319,76.7069
2019-03-01,101.9446,86.2536,83.0606,81.5119,82.0665,78.9847
2019-04-01,88.2345,76.0384,73.9039,70.8498,81.2502,76.6122
2019-05-01,87.7395,98.7948,90.6563,71.695,93.1062,85.07
2019-06-01,14.3566,21.6512,18.9635,10.2262,18.1848,15.7025
2019-07-01,7.1244,10.2294,10.0431,7.1038,11.2881,10.7184
2019-08-01,8.2455,12.1798,10.7796,7.7188,9.8733,9.1775
2019-09-01,68.1642,75.2138,70.0528,56.9946,76.5482,72.439
2019-10-01,10.13,29.7369,22.4012,7.869,30.6877,22.8867
2019-11-01,38.9629,43.2522,40.2826,33.866,42.7538,40.0574
2019-12-01,38.7267,55.7192,47.1829,26.4513,56.8807,47.2312
2020-01-01,37.8261,64.2258,52.5345,24.5747,60.9344,48.6903
2020-02-01,19.1915,41.7225,32.8823,14.3001,40.6204,31.8208
2020-03-01,32.0444,53.4789,44.327,25.566,55.7538,45.3899
2020-04-01,7.4083,27.2659,20.8142,6.0643,26.3535,20.4946
2020-05-01,15.6989,24.212,21.4873,13.5284,22.5637,20.2418
2020-06-01,54.5169,64.3452,59.0791,46.9406,67.8606,61.3785
2020-07-01,3.6792,11.109,8.9986,1.8069,7.7612,6.4223
2020-08-01,1.1388,2.3733,2.1362,1.0543,2.7477,2.418
2020-09-01,5.5568,10.3335,9.045,4.5962,10.2708,9.2074
2020-10-01,4.6311,12.8251,9.6233,3.547,13.096,9.7379
2020-11-01,17.6816,45.5977,34.752,15.3907,45.4369,34.7241
2020-12-01,15.475,27.1118,22.9206,9.6244,27.133,22.2998
2021-01-01,28.2158,38.0226,31.7571,18.1189,35.4386,28.6643
2021-02-01,42.0501,66.1672,55.4753,29.0002,62.7529,51.4144
2021-03-01,19.3383,31.9505,27.8608,14.8282,31.179,26.6229
2021-04-01,29.6475,35.1081,32.3746,22.6002,33.9827,30.7201
2021-05-01,13.2824,27.8802,21.494,10.7764,27.9342,21.3605
2021-06-01,2.8778,6.2933,5.5026,2.2474,6.9204,5.9264
2021-07-01,5.5535,22.5957,18.5022,8.116,28.848,24.8544
2021-08-01,63.5059,73.4535,67.0063,59.6095,69.2041,62.7055
2021-09-01,4.6155,17.0363,12.944,4.0667,17.3556,13.3464
2021-10-01,81.9217,104.9105,95.6458,62.0969,105.8907,93.9249
2021-11-01,12.3818,24.5894,19.8263,10.7318,22.7054,18.5125
2021-12-01,44.105,95.6448,76.8049,26.8931,96.9709,75.7602
2022-01-01,14.9067,37.3127,28.2306,10.3103,34.2422,25.6187
2022-02-01,5.4545,10.947,9.5766,3.8409,10.6212,9.1727
2022-03-01,23.9771,39.1277,32.6009,20.0265,39.971,33.0766
2022-04-01,23.3766,46.7947,37.1869,17.1048,46.3298,36.5327
2022-05-01,44.5936,53.2206,47.3115,37.8096,54.267,47.6132
2022-06-01,12.4878,20.1485,17.5313,9.59,20.0987,17.069
2022-07-01,2.831,9.9541,8.4825,2.4873,8.5836,7.5256
2022-08-01,40.8257,51.9263,50.2607,39.5371,55.5459,52.8099
2022-09-01,26.9985,38.9483,33.4474,28.3559,40.148,34.8516
2022-10-01,12.2834,28.5493,23.9753,10.3537,27.8208,23.5338
2022-11-01,45.7891,69.5216,60.8633,44.212,68.6548,60.5956
2022-12-01,44.7519,83.9773,70.0717,41.0676,98.7296,82.0141
2023-01-01,76.967,124.3649,108.4924,50.9449,106.0855,92.0166
2023-02-01,29.5296,55.0463,46.3163,21.5692,59.1724,48.3193
2023-03-01,81.5206,128.1669,109.425,67.186,127.9626,108.2531
2023-04-01,24.4322,59.0936,46.4257,19.1819,52.1908,41.3757
2023-05-01,14.4949,36.504,31.736,12.4074,36.6819,31.8606
2023-06-01,15.6145,40.8138,35.0515,12.2937,40.7132,34.4456
2023-07-01,6.2127,10.173,8.8682,6.5103,13.1807,11.3606
2023-08-01,38.069,59.1782,54.5165,38.5234,58.8096,55.0104
2023-09-01,32.5473,46.4793,42.2072,32.1441,49.109,46.9575
